NC,NN,MC,MN,V,D1C,D1N,D2C,D2N,D3C,D3N
Nível Territorial (Código),Nível Territorial,Unidade de Medida (Código),Unidade de Medida,Valor,Brasil (Código),Brasil,Trimestre Móvel (Código),Trimestre Móvel,Variável (Código),Variável
1,Brasil,2,%,40.3,1,Brasil,201801,nov-dez-jan 2018,12466,Taxa de informalidade das pessoas de 14 anos ou mais de idade ocupadas na semana de referência
1,Brasil,2,%,0.5,1,Brasil,201801,nov-dez-jan 2018,12467,Coeficiente de variação - Taxa de informalidade das pessoas de 14 anos ou mais de idade ocupadas na semana de referência
1,Brasil,1722,Ponto percentual,0.1,1,Brasil,201801,nov-dez-jan 2018,12468,"Variação em relação a três trimestres móveis anteriores - Taxa de informalidade das pessoas de 14 anos ou mais de idade, ocupadas na semana de referência"
1,Brasil,1694,Nenhuma,A,1,Brasil,201801,nov-dez-jan 2018,12469,"Situação da Variação em relação a três trimestres móveis anteriores - Taxa de informalidade das pessoas de 14 anos ou mais de idade, ocupadas na semana de referência"
1,Brasil,1722,Ponto percentual,1.1,1,Brasil,201801,nov-dez-jan 2018,12470,"Variação em relação ao mesmo trimestre móvel do ano anterior - Taxa de informalidade das pessoas de 14 anos ou mais de idade, ocupadas na semana de referência"
1,Brasil,1694,Nenhuma,Z,1,Brasil,201801,nov-dez-jan 2018,12471,"Situação da Variação em relação ao mesmo trimestre móvel do ano anterior - Taxa de informalidade das pessoas de 14 anos ou mais de idade, ocupadas na semana de referência"
1,Brasil,2,%,40.3,1,Brasil,201802,dez-jan-fev 2018,12466,Taxa de informalidade das pessoas de 14 anos ou mais de idade ocupadas na semana de referência
1,Brasil,2,%,0.4,1,Brasil,201802,dez-jan-fev 2018,12467,Coeficiente de variação - Taxa de informalidade das pessoas de 14 anos ou mais de idade ocupadas na semana de referência
1,Brasil,1722,Ponto percentual,-0.1,1,Brasil,201802,dez-jan-fev 2018,12468,"Variação em relação a três trimestres móveis anteriores - Taxa de informalidade das pessoas de 14 anos ou mais de idade, ocupadas na semana de referência"
1,Brasil,1694,Nenhuma,A,1,Brasil,201802,dez-jan-fev 2018,12469,"Situação da Variação em relação a três trimestres móveis anteriores - Taxa de informalidade das pessoas de 14 anos ou mais de idade, ocupadas na semana de referência"
1,Brasil,1722,Ponto percentual,1.0,1,Brasil,201802,dez-jan-fev 2018,12470,"Variação em relação ao mesmo trimestre móvel do ano anterior - Taxa de informalidade das pessoas de 14 anos ou mais de idade, ocupadas na semana de referência"
1,Brasil,1694,Nenhuma,Z,1,Brasil,201802,dez-jan-fev 2018,12471,"Situação da Variação em relação ao mesmo trimestre móvel do ano anterior - Taxa de informalidade das pessoas de 14 anos ou mais de idade, ocupadas na semana de referência"
1,Brasil,2,%,40.2,1,Brasil,201803,jan-fev-mar 2018,12466,Taxa de informalidade das pessoas de 14 anos ou mais de idade ocupadas na semana de referência
1,Brasil,2,%,0.5,1,Brasil,201803,jan-fev-mar 2018,12467,Coeficiente de variação - Taxa de informalidade das pessoas de 14 anos ou mais de idade ocupadas na semana de referência
1,Brasil,1722,Ponto percentual,-0.1,1,Brasil,201803,jan-fev-mar 2018,12468,"Variação em relação a três trimestres móveis anteriores - Taxa de informalidade das pessoas de 14 anos ou mais de idade, ocupadas na semana de referência"
1,Brasil,1694,Nenhuma,A,1,Brasil,201803,jan-fev-mar 2018,12469,"Situação da Variação em relação a três trimestres móveis anteriores - Taxa de informalidade das pessoas de 14 anos ou mais de idade, ocupadas na semana de referência"
1,Brasil,1722,Ponto percentual,0.9,1,Brasil,201803,jan-fev-mar 2018,12470,"Variação em relação ao mesmo trimestre móvel do ano anterior - Taxa de informalidade das pessoas de 14 anos ou mais de idade, ocupadas na semana de referência"
1,Brasil,1694,Nenhuma,Z,1,Brasil,201803,jan-fev-mar 2018,12471,"Situação da Variação em relação ao mesmo trimestre móvel do ano anterior - Taxa de informalidade das pessoas de 14 anos ou mais de idade, ocupadas na semana de referência"
1,Brasil,2,%,40.4,1,Brasil,201804,fev-mar-abr 2018,12466,Taxa de informalidade das pessoas de 14 anos ou mais de idade ocupadas na semana de referência
1,Brasil,2,%,0.4,1,Brasil,201804,fev-mar-abr 2018,12467,Coeficiente de variação - Taxa de informalidade das pessoas de 14 anos ou mais de idade ocupadas na semana de referência
1,Brasil,1722,Ponto percentual,0.1,1,Brasil,201804,fev-mar-abr 2018,12468,"Variação em relação a três trimestres móveis anteriores - Taxa de informalidade das pessoas de 14 anos ou mais de idade, ocupadas na semana de referência"
1,Brasil,1694,Nenhuma,A,1,Brasil,201804,fev-mar-abr 2018,12469,"Situação da Variação em relação a três trimestres móveis anteriores - Taxa de informalidade das pessoas de 14 anos ou mais de idade, ocupadas na semana de referência"
1,Brasil,1722,Ponto percentual,0.9,1,Brasil,201804,fev-mar-abr 2018,12470,"Variação em relação ao mesmo trimestre móvel do ano anterior - Taxa de informalidade das pessoas de 14 anos ou mais de idade, ocupadas na semana de referência"
1,Brasil,1694,Nenhuma,Z,1,Brasil,201804,fev-mar-abr 2018,12471,"Situação da Variação em relação ao mesmo trimestre móvel do ano anterior - Taxa de informalidade das pessoas de 14 anos ou mais de idade, ocupadas na semana de referência"
1,Brasil,2,%,40.4,1,Brasil,201805,mar-abr-mai 2018,12466,Taxa de informalidade das pessoas de 14 anos ou mais de idade ocupadas na semana de referência
1,Brasil,2,%,0.5,1,Brasil,201805,mar-abr-mai 2018,12467,Coeficiente de variação - Taxa de informalidade das pessoas de 14 anos ou mais de idade ocupadas na semana de referência
1,Brasil,1722,Ponto percentual,0.1,1,Brasil,201805,mar-abr-mai 2018,12468,"Variação em relação a três trimestres móveis anteriores - Taxa de informalidade das pessoas de 14 anos ou mais de idade, ocupadas na semana de referência"
1,Brasil,1694,Nenhuma,A,1,Brasil,201805,mar-abr-mai 2018,12469,"Situação da Variação em relação a três trimestres móveis anteriores - Taxa de informalidade das pessoas de 14 anos ou mais de idade, ocupadas na semana de referência"
1,Brasil,1722,Ponto percentual,0.7,1,Brasil,201805,mar-abr-mai 2018,12470,"Variação em relação ao mesmo trimestre móvel do ano anterior - Taxa de informalidade das pessoas de 14 anos ou mais de idade, ocupadas na semana de referência"
1,Brasil,1694,Nenhuma,Z,1,Brasil,201805,mar-abr-mai 2018,12471,"Situação da Variação em relação ao mesmo trimestre móvel do ano anterior - Taxa de informalidade das pessoas de 14 anos ou mais de idade, ocupadas na semana de referência"
1,Brasil,2,%,40.3,1,Brasil,201806,abr-mai-jun 2018,12466,Taxa de informalidade das pessoas de 14 anos ou mais de idade ocupadas na semana de referência
1,Brasil,2,%,0.5,1,Brasil,201806,abr-mai-jun 2018,12467,Coeficiente de variação - Taxa de informalidade das pessoas de 14 anos ou mais de idade ocupadas na semana de referência
1,Brasil,1722,Ponto percentual,0.0,1,Brasil,201806,abr-mai-jun 2018,12468,"Variação em relação a três trimestres móveis anteriores - Taxa de informalidade das pessoas de 14 anos ou mais de idade, ocupadas na semana de referência"
1,Brasil,1694,Nenhuma,A,1,Brasil,201806,abr-mai-jun 2018,12469,"Situação da Variação em relação a três trimestres móveis anteriores - Taxa de informalidade das pessoas de 14 anos ou mais de idade, ocupadas na semana de referência"
1,Brasil,1722,Ponto percentual,0.5,1,Brasil,201806,abr-mai-jun 2018,12470,"Variação em relação ao mesmo trimestre móvel do ano anterior - Taxa de informalidade das pessoas de 14 anos ou mais de idade, ocupadas na semana de referência"
1,Brasil,1694,Nenhuma,Z,1,Brasil,201806,abr-mai-jun 2018,12471,"Situação da Variação em relação ao mesmo trimestre móvel do ano anterior - Taxa de informalidade das pessoas de 14 anos ou mais de idade, ocupadas na semana de referência"
1,Brasil,2,%,40.2,1,Brasil,201807,mai-jun-jul 2018,12466,Taxa de informalidade das pessoas de 14 anos ou mais de idade ocupadas na semana de referência
1,Brasil,2,%,0.5,1,Brasil,201807,mai-jun-jul 2018,12467,Coeficiente de variação - Taxa de informalidade das pessoas de 14 anos ou mais de idade ocupadas na semana de referência
1,Brasil,1722,Ponto percentual,-0.2,1,Brasil,201807,mai-jun-jul 2018,12468,"Variação em relação a três trimestres móveis anteriores - Taxa de informalidade das pessoas de 14 anos ou mais de idade, ocupadas na semana de referência"
1,Brasil,1694,Nenhuma,A,1,Brasil,201807,mai-jun-jul 2018,12469,"Situação da Variação em relação a três trimestres móveis anteriores - Taxa de informalidade das pessoas de 14 anos ou mais de idade, ocupadas na semana de referência"
1,Brasil,1722,Ponto percentual,0.3,1,Brasil,201807,mai-jun-jul 2018,12470,"Variação em relação ao mesmo trimestre móvel do ano anterior - Taxa de informalidade das pessoas de 14 anos ou mais de idade, ocupadas na semana de referência"
1,Brasil,1694,Nenhuma,A,1,Brasil,201807,mai-jun-jul 2018,12471,"Situação da Variação em relação ao mesmo trimestre móvel do ano anterior - Taxa de informalidade das pessoas de 14 anos ou mais de idade, ocupadas na semana de referência"
1,Brasil,2,%,40.3,1,Brasil,201808,jun-jul-ago 2018,12466,Taxa de informalidade das pessoas de 14 anos ou mais de idade ocupadas na semana de referência
1,Brasil,2,%,0.4,1,Brasil,201808,jun-jul-ago 2018,12467,Coeficiente de variação - Taxa de informalidade das pessoas de 14 anos ou mais de idade ocupadas na semana de referência
1,Brasil,1722,Ponto percentual,-0.1,1,Brasil,201808,jun-jul-ago 2018,12468,"Variação em relação a três trimestres móveis anteriores - Taxa de informalidade das pessoas de 14 anos ou mais de idade, ocupadas na semana de referência"
1,Brasil,1694,Nenhuma,A,1,Brasil,201808,jun-jul-ago 2018,12469,"Situação da Variação em relação a três trimestres móveis anteriores - Taxa de informalidade das pessoas de 14 anos ou mais de idade, ocupadas na semana de referência"
1,Brasil,1722,Ponto percentual,0.3,1,Brasil,201808,jun-jul-ago 2018,12470,"Variação em relação ao mesmo trimestre móvel do ano anterior - Taxa de informalidade das pessoas de 14 anos ou mais de idade, ocupadas na semana de referência"
1,Brasil,1694,Nenhuma,A,1,Brasil,201808,jun-jul-ago 2018,12471,"Situação da Variação em relação ao mesmo trimestre móvel do ano anterior - Taxa de informalidade das pessoas de 14 anos ou mais de idade, ocupadas na semana de referência"
1,Brasil,2,%,40.7,1,Brasil,201809,jul-ago-set 2018,12466,Taxa de informalidade das pessoas de 14 anos ou mais de idade ocupadas na semana de referência
1,Brasil,2,%,0.5,1,Brasil,201809,jul-ago-set 2018,12467,Coeficiente de variação - Taxa de informalidade das pessoas de 14 anos ou mais de idade ocupadas na semana de referência
1,Brasil,1722,Ponto percentual,0.4,1,Brasil,201809,jul-ago-set 2018,12468,"Variação em relação a três trimestres móveis anteriores - Taxa de informalidade das pessoas de 14 anos ou mais de idade, ocupadas na semana de referência"
1,Brasil,1694,Nenhuma,Z,1,Brasil,201809,jul-ago-set 2018,12469,"Situação da Variação em relação a três trimestres móveis anteriores - Taxa de informalidade das pessoas de 14 anos ou mais de idade, ocupadas na semana de referência"
1,Brasil,1722,Ponto percentual,0.4,1,Brasil,201809,jul-ago-set 2018,12470,"Variação em relação ao mesmo trimestre móvel do ano anterior - Taxa de informalidade das pessoas de 14 anos ou mais de idade, ocupadas na semana de referência"
1,Brasil,1694,Nenhuma,Z,1,Brasil,201809,jul-ago-set 2018,12471,"Situação da Variação em relação ao mesmo trimestre móvel do ano anterior - Taxa de informalidade das pessoas de 14 anos ou mais de idade, ocupadas na semana de referência"
1,Brasil,2,%,40.8,1,Brasil,201810,ago-set-out 2018,12466,Taxa de informalidade das pessoas de 14 anos ou mais de idade ocupadas na semana de referência
1,Brasil,2,%,0.5,1,Brasil,201810,ago-set-out 2018,12467,Coeficiente de variação - Taxa de informalidade das pessoas de 14 anos ou mais de idade ocupadas na semana de referência
1,Brasil,1722,Ponto percentual,0.6,1,Brasil,201810,ago-set-out 2018,12468,"Variação em relação a três trimestres móveis anteriores - Taxa de informalidade das pessoas de 14 anos ou mais de idade, ocupadas na semana de referência"
1,Brasil,1694,Nenhuma,Z,1,Brasil,201810,ago-set-out 2018,12469,"Situação da Variação em relação a três trimestres móveis anteriores - Taxa de informalidade das pessoas de 14 anos ou mais de idade, ocupadas na semana de referência"
1,Brasil,1722,Ponto percentual,0.6,1,Brasil,201810,ago-set-out 2018,12470,"Variação em relação ao mesmo trimestre móvel do ano anterior - Taxa de informalidade das pessoas de 14 anos ou mais de idade, ocupadas na semana de referência"
1,Brasil,1694,Nenhuma,Z,1,Brasil,201810,ago-set-out 2018,12471,"Situação da Variação em relação ao mesmo trimestre móvel do ano anterior - Taxa de informalidade das pessoas de 14 anos ou mais de idade, ocupadas na semana de referência"
1,Brasil,2,%,40.8,1,Brasil,201811,set-out-nov 2018,12466,Taxa de informalidade das pessoas de 14 anos ou mais de idade ocupadas na semana de referência
1,Brasil,2,%,0.4,1,Brasil,201811,set-out-nov 2018,12467,Coeficiente de variação - Taxa de informalidade das pessoas de 14 anos ou mais de idade ocupadas na semana de referência
1,Brasil,1722,Ponto percentual,0.5,1,Brasil,201811,set-out-nov 2018,12468,"Variação em relação a três trimestres móveis anteriores - Taxa de informalidade das pessoas de 14 anos ou mais de idade, ocupadas na semana de referência"
1,Brasil,1694,Nenhuma,Z,1,Brasil,201811,set-out-nov 2018,12469,"Situação da Variação em relação a três trimestres móveis anteriores - Taxa de informalidade das pessoas de 14 anos ou mais de idade, ocupadas na semana de referência"
1,Brasil,1722,Ponto percentual,0.5,1,Brasil,201811,set-out-nov 2018,12470,"Variação em relação ao mesmo trimestre móvel do ano anterior - Taxa de informalidade das pessoas de 14 anos ou mais de idade, ocupadas na semana de referência"
1,Brasil,1694,Nenhuma,Z,1,Brasil,201811,set-out-nov 2018,12471,"Situação da Variação em relação ao mesmo trimestre móvel do ano anterior - Taxa de informalidade das pessoas de 14 anos ou mais de idade, ocupadas na semana de referência"
1,Brasil,2,%,40.8,1,Brasil,201812,out-nov-dez 2018,12466,Taxa de informalidade das pessoas de 14 anos ou mais de idade ocupadas na semana de referência
1,Brasil,2,%,0.5,1,Brasil,201812,out-nov-dez 2018,12467,Coeficiente de variação - Taxa de informalidade das pessoas de 14 anos ou mais de idade ocupadas na semana de referência
1,Brasil,1722,Ponto percentual,0.1,1,Brasil,201812,out-nov-dez 2018,12468,"Variação em relação a três trimestres móveis anteriores - Taxa de informalidade das pessoas de 14 anos ou mais de idade, ocupadas na semana de referência"
1,Brasil,1694,Nenhuma,A,1,Brasil,201812,out-nov-dez 2018,12469,"Situação da Variação em relação a três trimestres móveis anteriores - Taxa de informalidade das pessoas de 14 anos ou mais de idade, ocupadas na semana de referência"
1,Brasil,1722,Ponto percentual,0.5,1,Brasil,201812,out-nov-dez 2018,12470,"Variação em relação ao mesmo trimestre móvel do ano anterior - Taxa de informalidade das pessoas de 14 anos ou mais de idade, ocupadas na semana de referência"
1,Brasil,1694,Nenhuma,Z,1,Brasil,201812,out-nov-dez 2018,12471,"Situação da Variação em relação ao mesmo trimestre móvel do ano anterior - Taxa de informalidade das pessoas de 14 anos ou mais de idade, ocupadas na semana de referência"
1,Brasil,2,%,40.6,1,Brasil,201901,nov-dez-jan 2019,12466,Taxa de informalidade das pessoas de 14 anos ou mais de idade ocupadas na semana de referência
1,Brasil,2,%,0.5,1,Brasil,201901,nov-dez-jan 2019,12467,Coeficiente de variação - Taxa de informalidade das pessoas de 14 anos ou mais de idade ocupadas na semana de referência
1,Brasil,1722,Ponto percentual,-0.1,1,Brasil,201901,nov-dez-jan 2019,12468,"Variação em relação a três trimestres móveis anteriores - Taxa de informalidade das pessoas de 14 anos ou mais de idade, ocupadas na semana de referência"
1,Brasil,1694,Nenhuma,A,1,Brasil,201901,nov-dez-jan 2019,12469,"Situação da Variação em relação a três trimestres móveis anteriores - Taxa de informalidade das pessoas de 14 anos ou mais de idade, ocupadas na semana de referência"
1,Brasil,1722,Ponto percentual,0.3,1,Brasil,201901,nov-dez-jan 2019,12470,"Variação em relação ao mesmo trimestre móvel do ano anterior - Taxa de informalidade das pessoas de 14 anos ou mais de idade, ocupadas na semana de referência"
1,Brasil,1694,Nenhuma,A,1,Brasil,201901,nov-dez-jan 2019,12471,"Situação da Variação em relação ao mesmo trimestre móvel do ano anterior - Taxa de informalidade das pessoas de 14 anos ou mais de idade, ocupadas na semana de referência"
1,Brasil,2,%,40.4,1,Brasil,201902,dez-jan-fev 2019,12466,Taxa de informalidade das pessoas de 14 anos ou mais de idade ocupadas na semana de referência
1,Brasil,2,%,0.5,1,Brasil,201902,dez-jan-fev 2019,12467,Coeficiente de variação - Taxa de informalidade das pessoas de 14 anos ou mais de idade ocupadas na semana de referência
1,Brasil,1722,Ponto percentual,-0.5,1,Brasil,201902,dez-jan-fev 2019,12468,"Variação em relação a três trimestres móveis anteriores - Taxa de informalidade das pessoas de 14 anos ou mais de idade, ocupadas na semana de referência"
1,Brasil,1694,Nenhuma,Z,1,Brasil,201902,dez-jan-fev 2019,12469,"Situação da Variação em relação a três trimestres móveis anteriores - Taxa de informalidade das pessoas de 14 anos ou mais de idade, ocupadas na semana de referência"
1,Brasil,1722,Ponto percentual,0.1,1,Brasil,201902,dez-jan-fev 2019,12470,"Variação em relação ao mesmo trimestre móvel do ano anterior - Taxa de informalidade das pessoas de 14 anos ou mais de idade, ocupadas na semana de referência"
1,Brasil,1694,Nenhuma,A,1,Brasil,201902,dez-jan-fev 2019,12471,"Situação da Variação em relação ao mesmo trimestre móvel do ano anterior - Taxa de informalidade das pessoas de 14 anos ou mais de idade, ocupadas na semana de referência"
1,Brasil,2,%,40.5,1,Brasil,201903,jan-fev-mar 2019,12466,Taxa de informalidade das pessoas de 14 anos ou mais de idade ocupadas na semana de referência
1,Brasil,2,%,0.5,1,Brasil,201903,jan-fev-mar 2019,12467,Coeficiente de variação - Taxa de informalidade das pessoas de 14 anos ou mais de idade ocupadas na semana de referência
1,Brasil,1722,Ponto percentual,-0.3,1,Brasil,201903,jan-fev-mar 2019,12468,"Variação em relação a três trimestres móveis anteriores - Taxa de informalidade das pessoas de 14 anos ou mais de idade, ocupadas na semana de referência"
1,Brasil,1694,Nenhuma,A,1,Brasil,201903,jan-fev-mar 2019,12469,"Situação da Variação em relação a três trimestres móveis anteriores - Taxa de informalidade das pessoas de 14 anos ou mais de idade, ocupadas na semana de referência"
1,Brasil,1722,Ponto percentual,0.2,1,Brasil,201903,jan-fev-mar 2019,12470,"Variação em relação ao mesmo trimestre móvel do ano anterior - Taxa de informalidade das pessoas de 14 anos ou mais de idade, ocupadas na semana de referência"
1,Brasil,1694,Nenhuma,A,1,Brasil,201903,jan-fev-mar 2019,12471,"Situação da Variação em relação ao mesmo trimestre móvel do ano anterior - Taxa de informalidade das pessoas de 14 anos ou mais de idade, ocupadas na semana de referência"
1,Brasil,2,%,40.6,1,Brasil,201904,fev-mar-abr 2019,12466,Taxa de informalidade das pessoas de 14 anos ou mais de idade ocupadas na semana de referência
1,Brasil,2,%,0.5,1,Brasil,201904,fev-mar-abr 2019,12467,Coeficiente de variação - Taxa de informalidade das pessoas de 14 anos ou mais de idade ocupadas na semana de referência
1,Brasil,1722,Ponto percentual,-0.1,1,Brasil,201904,fev-mar-abr 2019,12468,"Variação em relação a três trimestres móveis anteriores - Taxa de informalidade das pessoas de 14 anos ou mais de idade, ocupadas na semana de referência"
1,Brasil,1694,Nenhuma,A,1,Brasil,201904,fev-mar-abr 2019,12469,"Situação da Variação em relação a três trimestres móveis anteriores - Taxa de informalidade das pessoas de 14 anos ou mais de idade, ocupadas na semana de referência"
1,Brasil,1722,Ponto percentual,0.1,1,Brasil,201904,fev-mar-abr 2019,12470,"Variação em relação ao mesmo trimestre móvel do ano anterior - Taxa de informalidade das pessoas de 14 anos ou mais de idade, ocupadas na semana de referência"
1,Brasil,1694,Nenhuma,A,1,Brasil,201904,fev-mar-abr 2019,12471,"Situação da Variação em relação ao mesmo trimestre móvel do ano anterior - Taxa de informalidade das pessoas de 14 anos ou mais de idade, ocupadas na semana de referência"
1,Brasil,2,%,40.7,1,Brasil,201905,mar-abr-mai 2019,12466,Taxa de informalidade das pessoas de 14 anos ou mais de idade ocupadas na semana de referência
1,Brasil,2,%,0.4,1,Brasil,201905,mar-abr-mai 2019,12467,Coeficiente de variação - Taxa de informalidade das pessoas de 14 anos ou mais de idade ocupadas na semana de referência
1,Brasil,1722,Ponto percentual,0.3,1,Brasil,201905,mar-abr-mai 2019,12468,"Variação em relação a três trimestres móveis anteriores - Taxa de informalidade das pessoas de 14 anos ou mais de idade, ocupadas na semana de referência"
1,Brasil,1694,Nenhuma,Z,1,Brasil,201905,mar-abr-mai 2019,12469,"Situação da Variação em relação a três trimestres móveis anteriores - Taxa de informalidade das pessoas de 14 anos ou mais de idade, ocupadas na semana de referência"
1,Brasil,1722,Ponto percentual,0.3,1,Brasil,201905,mar-abr-mai 2019,12470,"Variação em relação ao mesmo trimestre móvel do ano anterior - Taxa de informalidade das pessoas de 14 anos ou mais de idade, ocupadas na semana de referência"
1,Brasil,1694,Nenhuma,A,1,Brasil,201905,mar-abr-mai 2019,12471,"Situação da Variação em relação ao mesmo trimestre móvel do ano anterior - Taxa de informalidade das pessoas de 14 anos ou mais de idade, ocupadas na semana de referência"
1,Brasil,2,%,40.9,1,Brasil,201906,abr-mai-jun 2019,12466,Taxa de informalidade das pessoas de 14 anos ou mais de idade ocupadas na semana de referência
1,Brasil,2,%,0.4,1,Brasil,201906,abr-mai-jun 2019,12467,Coeficiente de variação - Taxa de informalidade das pessoas de 14 anos ou mais de idade ocupadas na semana de referência
1,Brasil,1722,Ponto percentual,0.4,1,Brasil,201906,abr-mai-jun 2019,12468,"Variação em relação a três trimestres móveis anteriores - Taxa de informalidade das pessoas de 14 anos ou mais de idade, ocupadas na semana de referência"
1,Brasil,1694,Nenhuma,Z,1,Brasil,201906,abr-mai-jun 2019,12469,"Situação da Variação em relação a três trimestres móveis anteriores - Taxa de informalidade das pessoas de 14 anos ou mais de idade, ocupadas na semana de referência"
1,Brasil,1722,Ponto percentual,0.6,1,Brasil,201906,abr-mai-jun 2019,12470,"Variação em relação ao mesmo trimestre móvel do ano anterior - Taxa de informalidade das pessoas de 14 anos ou mais de idade, ocupadas na semana de referência"
1,Brasil,1694,Nenhuma,Z,1,Brasil,201906,abr-mai-jun 2019,12471,"Situação da Variação em relação ao mesmo trimestre móvel do ano anterior - Taxa de informalidade das pessoas de 14 anos ou mais de idade, ocupadas na semana de referência"
1,Brasil,2,%,41.0,1,Brasil,201907,mai-jun-jul 2019,12466,Taxa de informalidade das pessoas de 14 anos ou mais de idade ocupadas na semana de referência
1,Brasil,2,%,0.4,1,Brasil,201907,mai-jun-jul 2019,12467,Coeficiente de variação - Taxa de informalidade das pessoas de 14 anos ou mais de idade ocupadas na semana de referência
1,Brasil,1722,Ponto percentual,0.5,1,Brasil,201907,mai-jun-jul 2019,12468,"Variação em relação a três trimestres móveis anteriores - Taxa de informalidade das pessoas de 14 anos ou mais de idade, ocupadas na semana de referência"
1,Brasil,1694,Nenhuma,Z,1,Brasil,201907,mai-jun-jul 2019,12469,"Situação da Variação em relação a três trimestres móveis anteriores - Taxa de informalidade das pessoas de 14 anos ou mais de idade, ocupadas na semana de referência"
1,Brasil,1722,Ponto percentual,0.8,1,Brasil,201907,mai-jun-jul 2019,12470,"Variação em relação ao mesmo trimestre móvel do ano anterior - Taxa de informalidade das pessoas de 14 anos ou mais de idade, ocupadas na semana de referência"
1,Brasil,1694,Nenhuma,Z,1,Brasil,201907,mai-jun-jul 2019,12471,"Situação da Variação em relação ao mesmo trimestre móvel do ano anterior - Taxa de informalidade das pessoas de 14 anos ou mais de idade, ocupadas na semana de referência"
1,Brasil,2,%,41.1,1,Brasil,201908,jun-jul-ago 2019,12466,Taxa de informalidade das pessoas de 14 anos ou mais de idade ocupadas na semana de referência
1,Brasil,2,%,0.4,1,Brasil,201908,jun-jul-ago 2019,12467,Coeficiente de variação - Taxa de informalidade das pessoas de 14 anos ou mais de idade ocupadas na semana de referência
1,Brasil,1722,Ponto percentual,0.3,1,Brasil,201908,jun-jul-ago 2019,12468,"Variação em relação a três trimestres móveis anteriores - Taxa de informalidade das pessoas de 14 anos ou mais de idade, ocupadas na semana de referência"
1,Brasil,1694,Nenhuma,Z,1,Brasil,201908,jun-jul-ago 2019,12469,"Situação da Variação em relação a três trimestres móveis anteriores - Taxa de informalidade das pessoas de 14 anos ou mais de idade, ocupadas na semana de referência"
1,Brasil,1722,Ponto percentual,0.7,1,Brasil,201908,jun-jul-ago 2019,12470,"Variação em relação ao mesmo trimestre móvel do ano anterior - Taxa de informalidade das pessoas de 14 anos ou mais de idade, ocupadas na semana de referência"
1,Brasil,1694,Nenhuma,Z,1,Brasil,201908,jun-jul-ago 2019,12471,"Situação da Variação em relação ao mesmo trimestre móvel do ano anterior - Taxa de informalidade das pessoas de 14 anos ou mais de idade, ocupadas na semana de referência"
1,Brasil,2,%,41.0,1,Brasil,201909,jul-ago-set 2019,12466,Taxa de informalidade das pessoas de 14 anos ou mais de idade ocupadas na semana de referência
1,Brasil,2,%,0.4,1,Brasil,201909,jul-ago-set 2019,12467,Coeficiente de variação - Taxa de informalidade das pessoas de 14 anos ou mais de idade ocupadas na semana de referência
1,Brasil,1722,Ponto percentual,0.1,1,Brasil,201909,jul-ago-set 2019,12468,"Variação em relação a três trimestres móveis anteriores - Taxa de informalidade das pessoas de 14 anos ou mais de idade, ocupadas na semana de referência"
1,Brasil,1694,Nenhuma,A,1,Brasil,201909,jul-ago-set 2019,12469,"Situação da Variação em relação a três trimestres móveis anteriores - Taxa de informalidade das pessoas de 14 anos ou mais de idade, ocupadas na semana de referência"
1,Brasil,1722,Ponto percentual,0.4,1,Brasil,201909,jul-ago-set 2019,12470,"Variação em relação ao mesmo trimestre móvel do ano anterior - Taxa de informalidade das pessoas de 14 anos ou mais de idade, ocupadas na semana de referência"
1,Brasil,1694,Nenhuma,A,1,Brasil,201909,jul-ago-set 2019,12471,"Situação da Variação em relação ao mesmo trimestre móvel do ano anterior - Taxa de informalidade das pessoas de 14 anos ou mais de idade, ocupadas na semana de referência"
1,Brasil,2,%,40.9,1,Brasil,201910,ago-set-out 2019,12466,Taxa de informalidade das pessoas de 14 anos ou mais de idade ocupadas na semana de referência
1,Brasil,2,%,0.4,1,Brasil,201910,ago-set-out 2019,12467,Coeficiente de variação - Taxa de informalidade das pessoas de 14 anos ou mais de idade ocupadas na semana de referência
1,Brasil,1722,Ponto percentual,-0.1,1,Brasil,201910,ago-set-out 2019,12468,"Variação em relação a três trimestres móveis anteriores - Taxa de informalidade das pessoas de 14 anos ou mais de idade, ocupadas na semana de referência"
1,Brasil,1694,Nenhuma,A,1,Brasil,201910,ago-set-out 2019,12469,"Situação da Variação em relação a três trimestres móveis anteriores - Taxa de informalidade das pessoas de 14 anos ou mais de idade, ocupadas na semana de referência"
1,Brasil,1722,Ponto percentual,0.1,1,Brasil,201910,ago-set-out 2019,12470,"Variação em relação ao mesmo trimestre móvel do ano anterior - Taxa de informalidade das pessoas de 14 anos ou mais de idade, ocupadas na semana de referência"
1,Brasil,1694,Nenhuma,A,1,Brasil,201910,ago-set-out 2019,12471,"Situação da Variação em relação ao mesmo trimestre móvel do ano anterior - Taxa de informalidade das pessoas de 14 anos ou mais de idade, ocupadas na semana de referência"
1,Brasil,2,%,40.8,1,Brasil,201911,set-out-nov 2019,12466,Taxa de informalidade das pessoas de 14 anos ou mais de idade ocupadas na semana de referência
1,Brasil,2,%,0.5,1,Brasil,201911,set-out-nov 2019,12467,Coeficiente de variação - Taxa de informalidade das pessoas de 14 anos ou mais de idade ocupadas na semana de referência
1,Brasil,1722,Ponto percentual,-0.3,1,Brasil,201911,set-out-nov 2019,12468,"Variação em relação a três trimestres móveis anteriores - Taxa de informalidade das pessoas de 14 anos ou mais de idade, ocupadas na semana de referência"
1,Brasil,1694,Nenhuma,A,1,Brasil,201911,set-out-nov 2019,12469,"Situação da Variação em relação a três trimestres móveis anteriores - Taxa de informalidade das pessoas de 14 anos ou mais de idade, ocupadas na semana de referência"
1,Brasil,1722,Ponto percentual,0.0,1,Brasil,201911,set-out-nov 2019,12470,"Variação em relação ao mesmo trimestre móvel do ano anterior - Taxa de informalidade das pessoas de 14 anos ou mais de idade, ocupadas na semana de referência"
1,Brasil,1694,Nenhuma,A,1,Brasil,201911,set-out-nov 2019,12471,"Situação da Variação em relação ao mesmo trimestre móvel do ano anterior - Taxa de informalidade das pessoas de 14 anos ou mais de idade, ocupadas na semana de referência"
1,Brasil,2,%,40.7,1,Brasil,201912,out-nov-dez 2019,12466,Taxa de informalidade das pessoas de 14 anos ou mais de idade ocupadas na semana de referência
1,Brasil,2,%,0.4,1,Brasil,201912,out-nov-dez 2019,12467,Coeficiente de variação - Taxa de informalidade das pessoas de 14 anos ou mais de idade ocupadas na semana de referência
1,Brasil,1722,Ponto percentual,-0.4,1,Brasil,201912,out-nov-dez 2019,12468,"Variação em relação a três trimestres móveis anteriores - Taxa de informalidade das pessoas de 14 anos ou mais de idade, ocupadas na semana de referência"
1,Brasil,1694,Nenhuma,Z,1,Brasil,201912,out-nov-dez 2019,12469,"Situação da Variação em relação a três trimestres móveis anteriores - Taxa de informalidade das pessoas de 14 anos ou mais de idade, ocupadas na semana de referência"
1,Brasil,1722,Ponto percentual,-0.1,1,Brasil,201912,out-nov-dez 2019,12470,"Variação em relação ao mesmo trimestre móvel do ano anterior - Taxa de informalidade das pessoas de 14 anos ou mais de idade, ocupadas na semana de referência"
1,Brasil,1694,Nenhuma,A,1,Brasil,201912,out-nov-dez 2019,12471,"Situação da Variação em relação ao mesmo trimestre móvel do ano anterior - Taxa de informalidade das pessoas de 14 anos ou mais de idade, ocupadas na semana de referência"
1,Brasil,2,%,40.4,1,Brasil,202001,nov-dez-jan 2020,12466,Taxa de informalidade das pessoas de 14 anos ou mais de idade ocupadas na semana de referência
1,Brasil,2,%,0.5,1,Brasil,202001,nov-dez-jan 2020,12467,Coeficiente de variação - Taxa de informalidade das pessoas de 14 anos ou mais de idade ocupadas na semana de referência
1,Brasil,1722,Ponto percentual,-0.5,1,Brasil,202001,nov-dez-jan 2020,12468,"Variação em relação a três trimestres móveis anteriores - Taxa de informalidade das pessoas de 14 anos ou mais de idade, ocupadas na semana de referência"
1,Brasil,1694,Nenhuma,Z,1,Brasil,202001,nov-dez-jan 2020,12469,"Situação da Variação em relação a três trimestres móveis anteriores - Taxa de informalidade das pessoas de 14 anos ou mais de idade, ocupadas na semana de referência"
1,Brasil,1722,Ponto percentual,-0.3,1,Brasil,202001,nov-dez-jan 2020,12470,"Variação em relação ao mesmo trimestre móvel do ano anterior - Taxa de informalidade das pessoas de 14 anos ou mais de idade, ocupadas na semana de referência"
1,Brasil,1694,Nenhuma,A,1,Brasil,202001,nov-dez-jan 2020,12471,"Situação da Variação em relação ao mesmo trimestre móvel do ano anterior - Taxa de informalidade das pessoas de 14 anos ou mais de idade, ocupadas na semana de referência"
1,Brasil,2,%,40.3,1,Brasil,202002,dez-jan-fev 2020,12466,Taxa de informalidade das pessoas de 14 anos ou mais de idade ocupadas na semana de referência
1,Brasil,2,%,0.5,1,Brasil,202002,dez-jan-fev 2020,12467,Coeficiente de variação - Taxa de informalidade das pessoas de 14 anos ou mais de idade ocupadas na semana de referência
1,Brasil,1722,Ponto percentual,-0.5,1,Brasil,202002,dez-jan-fev 2020,12468,"Variação em relação a três trimestres móveis anteriores - Taxa de informalidade das pessoas de 14 anos ou mais de idade, ocupadas na semana de referência"
1,Brasil,1694,Nenhuma,Z,1,Brasil,202002,dez-jan-fev 2020,12469,"Situação da Variação em relação a três trimestres móveis anteriores - Taxa de informalidade das pessoas de 14 anos ou mais de idade, ocupadas na semana de referência"
1,Brasil,1722,Ponto percentual,-0.1,1,Brasil,202002,dez-jan-fev 2020,12470,"Variação em relação ao mesmo trimestre móvel do ano anterior - Taxa de informalidade das pessoas de 14 anos ou mais de idade, ocupadas na semana de referência"
1,Brasil,1694,Nenhuma,A,1,Brasil,202002,dez-jan-fev 2020,12471,"Situação da Variação em relação ao mesmo trimestre móvel do ano anterior - Taxa de informalidade das pessoas de 14 anos ou mais de idade, ocupadas na semana de referência"
1,Brasil,2,%,39.6,1,Brasil,202003,jan-fev-mar 2020,12466,Taxa de informalidade das pessoas de 14 anos ou mais de idade ocupadas na semana de referência
1,Brasil,2,%,0.5,1,Brasil,202003,jan-fev-mar 2020,12467,Coeficiente de variação - Taxa de informalidade das pessoas de 14 anos ou mais de idade ocupadas na semana de referência
1,Brasil,1722,Ponto percentual,-1.1,1,Brasil,202003,jan-fev-mar 2020,12468,"Variação em relação a três trimestres móveis anteriores - Taxa de informalidade das pessoas de 14 anos ou mais de idade, ocupadas na semana de referência"
1,Brasil,1694,Nenhuma,Z,1,Brasil,202003,jan-fev-mar 2020,12469,"Situação da Variação em relação a três trimestres móveis anteriores - Taxa de informalidade das pessoas de 14 anos ou mais de idade, ocupadas na semana de referência"
1,Brasil,1722,Ponto percentual,-0.9,1,Brasil,202003,jan-fev-mar 2020,12470,"Variação em relação ao mesmo trimestre móvel do ano anterior - Taxa de informalidade das pessoas de 14 anos ou mais de idade, ocupadas na semana de referência"
1,Brasil,1694,Nenhuma,Z,1,Brasil,202003,jan-fev-mar 2020,12471,"Situação da Variação em relação ao mesmo trimestre móvel do ano anterior - Taxa de informalidade das pessoas de 14 anos ou mais de idade, ocupadas na semana de referência"
1,Brasil,2,%,38.4,1,Brasil,202004,fev-mar-abr 2020,12466,Taxa de informalidade das pessoas de 14 anos ou mais de idade ocupadas na semana de referência
1,Brasil,2,%,0.6,1,Brasil,202004,fev-mar-abr 2020,12467,Coeficiente de variação - Taxa de informalidade das pessoas de 14 anos ou mais de idade ocupadas na semana de referência
1,Brasil,1722,Ponto percentual,-1.9,1,Brasil,202004,fev-mar-abr 2020,12468,"Variação em relação a três trimestres móveis anteriores - Taxa de informalidade das pessoas de 14 anos ou mais de idade, ocupadas na semana de referência"
1,Brasil,1694,Nenhuma,Z,1,Brasil,202004,fev-mar-abr 2020,12469,"Situação da Variação em relação a três trimestres móveis anteriores - Taxa de informalidade das pessoas de 14 anos ou mais de idade, ocupadas na semana de referência"
1,Brasil,1722,Ponto percentual,-2.1,1,Brasil,202004,fev-mar-abr 2020,12470,"Variação em relação ao mesmo trimestre móvel do ano anterior - Taxa de informalidade das pessoas de 14 anos ou mais de idade, ocupadas na semana de referência"
1,Brasil,1694,Nenhuma,Z,1,Brasil,202004,fev-mar-abr 2020,12471,"Situação da Variação em relação ao mesmo trimestre móvel do ano anterior - Taxa de informalidade das pessoas de 14 anos ou mais de idade, ocupadas na semana de referência"
1,Brasil,2,%,37.3,1,Brasil,202005,mar-abr-mai 2020,12466,Taxa de informalidade das pessoas de 14 anos ou mais de idade ocupadas na semana de referência
1,Brasil,2,%,0.6,1,Brasil,202005,mar-abr-mai 2020,12467,Coeficiente de variação - Taxa de informalidade das pessoas de 14 anos ou mais de idade ocupadas na semana de referência
1,Brasil,1722,Ponto percentual,-3.0,1,Brasil,202005,mar-abr-mai 2020,12468,"Variação em relação a três trimestres móveis anteriores - Taxa de informalidade das pessoas de 14 anos ou mais de idade, ocupadas na semana de referência"
1,Brasil,1694,Nenhuma,Z,1,Brasil,202005,mar-abr-mai 2020,12469,"Situação da Variação em relação a três trimestres móveis anteriores - Taxa de informalidade das pessoas de 14 anos ou mais de idade, ocupadas na semana de referência"
1,Brasil,1722,Ponto percentual,-3.4,1,Brasil,202005,mar-abr-mai 2020,12470,"Variação em relação ao mesmo trimestre móvel do ano anterior - Taxa de informalidade das pessoas de 14 anos ou mais de idade, ocupadas na semana de referência"
1,Brasil,1694,Nenhuma,Z,1,Brasil,202005,mar-abr-mai 2020,12471,"Situação da Variação em relação ao mesmo trimestre móvel do ano anterior - Taxa de informalidade das pessoas de 14 anos ou mais de idade, ocupadas na semana de referência"
1,Brasil,2,%,36.6,1,Brasil,202006,abr-mai-jun 2020,12466,Taxa de informalidade das pessoas de 14 anos ou mais de idade ocupadas na semana de referência
1,Brasil,2,%,0.7,1,Brasil,202006,abr-mai-jun 2020,12467,Coeficiente de variação - Taxa de informalidade das pessoas de 14 anos ou mais de idade ocupadas na semana de referência
1,Brasil,1722,Ponto percentual,-3.0,1,Brasil,202006,abr-mai-jun 2020,12468,"Variação em relação a três trimestres móveis anteriores - Taxa de informalidade das pessoas de 14 anos ou mais de idade, ocupadas na semana de referência"
1,Brasil,1694,Nenhuma,Z,1,Brasil,202006,abr-mai-jun 2020,12469,"Situação da Variação em relação a três trimestres móveis anteriores - Taxa de informalidade das pessoas de 14 anos ou mais de idade, ocupadas na semana de referência"
1,Brasil,1722,Ponto percentual,-4.3,1,Brasil,202006,abr-mai-jun 2020,12470,"Variação em relação ao mesmo trimestre móvel do ano anterior - Taxa de informalidade das pessoas de 14 anos ou mais de idade, ocupadas na semana de referência"
1,Brasil,1694,Nenhuma,Z,1,Brasil,202006,abr-mai-jun 2020,12471,"Situação da Variação em relação ao mesmo trimestre móvel do ano anterior - Taxa de informalidade das pessoas de 14 anos ou mais de idade, ocupadas na semana de referência"
1,Brasil,2,%,37.2,1,Brasil,202007,mai-jun-jul 2020,12466,Taxa de informalidade das pessoas de 14 anos ou mais de idade ocupadas na semana de referência
1,Brasil,2,%,0.7,1,Brasil,202007,mai-jun-jul 2020,12467,Coeficiente de variação - Taxa de informalidade das pessoas de 14 anos ou mais de idade ocupadas na semana de referência
1,Brasil,1722,Ponto percentual,-1.3,1,Brasil,202007,mai-jun-jul 2020,12468,"Variação em relação a três trimestres móveis anteriores - Taxa de informalidade das pessoas de 14 anos ou mais de idade, ocupadas na semana de referência"
1,Brasil,1694,Nenhuma,Z,1,Brasil,202007,mai-jun-jul 2020,12469,"Situação da Variação em relação a três trimestres móveis anteriores - Taxa de informalidade das pessoas de 14 anos ou mais de idade, ocupadas na semana de referência"
1,Brasil,1722,Ponto percentual,-3.8,1,Brasil,202007,mai-jun-jul 2020,12470,"Variação em relação ao mesmo trimestre móvel do ano anterior - Taxa de informalidade das pessoas de 14 anos ou mais de idade, ocupadas na semana de referência"
1,Brasil,1694,Nenhuma,Z,1,Brasil,202007,mai-jun-jul 2020,12471,"Situação da Variação em relação ao mesmo trimestre móvel do ano anterior - Taxa de informalidade das pessoas de 14 anos ou mais de idade, ocupadas na semana de referência"
1,Brasil,2,%,37.7,1,Brasil,202008,jun-jul-ago 2020,12466,Taxa de informalidade das pessoas de 14 anos ou mais de idade ocupadas na semana de referência
1,Brasil,2,%,0.7,1,Brasil,202008,jun-jul-ago 2020,12467,Coeficiente de variação - Taxa de informalidade das pessoas de 14 anos ou mais de idade ocupadas na semana de referência
1,Brasil,1722,Ponto percentual,0.5,1,Brasil,202008,jun-jul-ago 2020,12468,"Variação em relação a três trimestres móveis anteriores - Taxa de informalidade das pessoas de 14 anos ou mais de idade, ocupadas na semana de referência"
1,Brasil,1694,Nenhuma,A,1,Brasil,202008,jun-jul-ago 2020,12469,"Situação da Variação em relação a três trimestres móveis anteriores - Taxa de informalidade das pessoas de 14 anos ou mais de idade, ocupadas na semana de referência"
1,Brasil,1722,Ponto percentual,-3.3,1,Brasil,202008,jun-jul-ago 2020,12470,"Variação em relação ao mesmo trimestre móvel do ano anterior - Taxa de informalidade das pessoas de 14 anos ou mais de idade, ocupadas na semana de referência"
1,Brasil,1694,Nenhuma,Z,1,Brasil,202008,jun-jul-ago 2020,12471,"Situação da Variação em relação ao mesmo trimestre móvel do ano anterior - Taxa de informalidade das pessoas de 14 anos ou mais de idade, ocupadas na semana de referência"
1,Brasil,2,%,38.1,1,Brasil,202009,jul-ago-set 2020,12466,Taxa de informalidade das pessoas de 14 anos ou mais de idade ocupadas na semana de referência
1,Brasil,2,%,0.7,1,Brasil,202009,jul-ago-set 2020,12467,Coeficiente de variação - Taxa de informalidade das pessoas de 14 anos ou mais de idade ocupadas na semana de referência
1,Brasil,1722,Ponto percentual,1.5,1,Brasil,202009,jul-ago-set 2020,12468,"Variação em relação a três trimestres móveis anteriores - Taxa de informalidade das pessoas de 14 anos ou mais de idade, ocupadas na semana de referência"
1,Brasil,1694,Nenhuma,Z,1,Brasil,202009,jul-ago-set 2020,12469,"Situação da Variação em relação a três trimestres móveis anteriores - Taxa de informalidade das pessoas de 14 anos ou mais de idade, ocupadas na semana de referência"
1,Brasil,1722,Ponto percentual,-2.9,1,Brasil,202009,jul-ago-set 2020,12470,"Variação em relação ao mesmo trimestre móvel do ano anterior - Taxa de informalidade das pessoas de 14 anos ou mais de idade, ocupadas na semana de referência"
1,Brasil,1694,Nenhuma,Z,1,Brasil,202009,jul-ago-set 2020,12471,"Situação da Variação em relação ao mesmo trimestre móvel do ano anterior - Taxa de informalidade das pessoas de 14 anos ou mais de idade, ocupadas na semana de referência"
1,Brasil,2,%,38.5,1,Brasil,202010,ago-set-out 2020,12466,Taxa de informalidade das pessoas de 14 anos ou mais de idade ocupadas na semana de referência
1,Brasil,2,%,0.6,1,Brasil,202010,ago-set-out 2020,12467,Coeficiente de variação - Taxa de informalidade das pessoas de 14 anos ou mais de idade ocupadas na semana de referência
1,Brasil,1722,Ponto percentual,1.3,1,Brasil,202010,ago-set-out 2020,12468,"Variação em relação a três trimestres móveis anteriores - Taxa de informalidade das pessoas de 14 anos ou mais de idade, ocupadas na semana de referência"
1,Brasil,1694,Nenhuma,Z,1,Brasil,202010,ago-set-out 2020,12469,"Situação da Variação em relação a três trimestres móveis anteriores - Taxa de informalidade das pessoas de 14 anos ou mais de idade, ocupadas na semana de referência"
1,Brasil,1722,Ponto percentual,-2.4,1,Brasil,202010,ago-set-out 2020,12470,"Variação em relação ao mesmo trimestre móvel do ano anterior - Taxa de informalidade das pessoas de 14 anos ou mais de idade, ocupadas na semana de referência"
1,Brasil,1694,Nenhuma,Z,1,Brasil,202010,ago-set-out 2020,12471,"Situação da Variação em relação ao mesmo trimestre móvel do ano anterior - Taxa de informalidade das pessoas de 14 anos ou mais de idade, ocupadas na semana de referência"
1,Brasil,2,%,38.8,1,Brasil,202011,set-out-nov 2020,12466,Taxa de informalidade das pessoas de 14 anos ou mais de idade ocupadas na semana de referência
1,Brasil,2,%,0.7,1,Brasil,202011,set-out-nov 2020,12467,Coeficiente de variação - Taxa de informalidade das pessoas de 14 anos ou mais de idade ocupadas na semana de referência
1,Brasil,1722,Ponto percentual,1.1,1,Brasil,202011,set-out-nov 2020,12468,"Variação em relação a três trimestres móveis anteriores - Taxa de informalidade das pessoas de 14 anos ou mais de idade, ocupadas na semana de referência"
1,Brasil,1694,Nenhuma,Z,1,Brasil,202011,set-out-nov 2020,12469,"Situação da Variação em relação a três trimestres móveis anteriores - Taxa de informalidade das pessoas de 14 anos ou mais de idade, ocupadas na semana de referência"
1,Brasil,1722,Ponto percentual,-2.0,1,Brasil,202011,set-out-nov 2020,12470,"Variação em relação ao mesmo trimestre móvel do ano anterior - Taxa de informalidade das pessoas de 14 anos ou mais de idade, ocupadas na semana de referência"
1,Brasil,1694,Nenhuma,Z,1,Brasil,202011,set-out-nov 2020,12471,"Situação da Variação em relação ao mesmo trimestre móvel do ano anterior - Taxa de informalidade das pessoas de 14 anos ou mais de idade, ocupadas na semana de referência"
1,Brasil,2,%,39.1,1,Brasil,202012,out-nov-dez 2020,12466,Taxa de informalidade das pessoas de 14 anos ou mais de idade ocupadas na semana de referência
1,Brasil,2,%,0.7,1,Brasil,202012,out-nov-dez 2020,12467,Coeficiente de variação - Taxa de informalidade das pessoas de 14 anos ou mais de idade ocupadas na semana de referência
1,Brasil,1722,Ponto percentual,1.1,1,Brasil,202012,out-nov-dez 2020,12468,"Variação em relação a três trimestres móveis anteriores - Taxa de informalidade das pessoas de 14 anos ou mais de idade, ocupadas na semana de referência"
1,Brasil,1694,Nenhuma,Z,1,Brasil,202012,out-nov-dez 2020,12469,"Situação da Variação em relação a três trimestres móveis anteriores - Taxa de informalidade das pessoas de 14 anos ou mais de idade, ocupadas na semana de referência"
1,Brasil,1722,Ponto percentual,-1.5,1,Brasil,202012,out-nov-dez 2020,12470,"Variação em relação ao mesmo trimestre móvel do ano anterior - Taxa de informalidade das pessoas de 14 anos ou mais de idade, ocupadas na semana de referência"
1,Brasil,1694,Nenhuma,Z,1,Brasil,202012,out-nov-dez 2020,12471,"Situação da Variação em relação ao mesmo trimestre móvel do ano anterior - Taxa de informalidade das pessoas de 14 anos ou mais de idade, ocupadas na semana de referência"
1,Brasil,2,%,39.2,1,Brasil,202101,nov-dez-jan 2021,12466,Taxa de informalidade das pessoas de 14 anos ou mais de idade ocupadas na semana de referência
1,Brasil,2,%,0.7,1,Brasil,202101,nov-dez-jan 2021,12467,Coeficiente de variação - Taxa de informalidade das pessoas de 14 anos ou mais de idade ocupadas na semana de referência
1,Brasil,1722,Ponto percentual,0.7,1,Brasil,202101,nov-dez-jan 2021,12468,"Variação em relação a três trimestres móveis anteriores - Taxa de informalidade das pessoas de 14 anos ou mais de idade, ocupadas na semana de referência"
1,Brasil,1694,Nenhuma,Z,1,Brasil,202101,nov-dez-jan 2021,12469,"Situação da Variação em relação a três trimestres móveis anteriores - Taxa de informalidade das pessoas de 14 anos ou mais de idade, ocupadas na semana de referência"
1,Brasil,1722,Ponto percentual,-1.1,1,Brasil,202101,nov-dez-jan 2021,12470,"Variação em relação ao mesmo trimestre móvel do ano anterior - Taxa de informalidade das pessoas de 14 anos ou mais de idade, ocupadas na semana de referência"
1,Brasil,1694,Nenhuma,Z,1,Brasil,202101,nov-dez-jan 2021,12471,"Situação da Variação em relação ao mesmo trimestre móvel do ano anterior - Taxa de informalidade das pessoas de 14 anos ou mais de idade, ocupadas na semana de referência"
1,Brasil,2,%,39.1,1,Brasil,202102,dez-jan-fev 2021,12466,Taxa de informalidade das pessoas de 14 anos ou mais de idade ocupadas na semana de referência
1,Brasil,2,%,0.7,1,Brasil,202102,dez-jan-fev 2021,12467,Coeficiente de variação - Taxa de informalidade das pessoas de 14 anos ou mais de idade ocupadas na semana de referência
1,Brasil,1722,Ponto percentual,0.3,1,Brasil,202102,dez-jan-fev 2021,12468,"Variação em relação a três trimestres móveis anteriores - Taxa de informalidade das pessoas de 14 anos ou mais de idade, ocupadas na semana de referência"
1,Brasil,1694,Nenhuma,A,1,Brasil,202102,dez-jan-fev 2021,12469,"Situação da Variação em relação a três trimestres móveis anteriores - Taxa de informalidade das pessoas de 14 anos ou mais de idade, ocupadas na semana de referência"
1,Brasil,1722,Ponto percentual,-1.2,1,Brasil,202102,dez-jan-fev 2021,12470,"Variação em relação ao mesmo trimestre móvel do ano anterior - Taxa de informalidade das pessoas de 14 anos ou mais de idade, ocupadas na semana de referência"
1,Brasil,1694,Nenhuma,Z,1,Brasil,202102,dez-jan-fev 2021,12471,"Situação da Variação em relação ao mesmo trimestre móvel do ano anterior - Taxa de informalidade das pessoas de 14 anos ou mais de idade, ocupadas na semana de referência"
1,Brasil,2,%,39.2,1,Brasil,202103,jan-fev-mar 2021,12466,Taxa de informalidade das pessoas de 14 anos ou mais de idade ocupadas na semana de referência
1,Brasil,2,%,0.7,1,Brasil,202103,jan-fev-mar 2021,12467,Coeficiente de variação - Taxa de informalidade das pessoas de 14 anos ou mais de idade ocupadas na semana de referência
1,Brasil,1722,Ponto percentual,0.1,1,Brasil,202103,jan-fev-mar 2021,12468,"Variação em relação a três trimestres móveis anteriores - Taxa de informalidade das pessoas de 14 anos ou mais de idade, ocupadas na semana de referência"
1,Brasil,1694,Nenhuma,A,1,Brasil,202103,jan-fev-mar 2021,12469,"Situação da Variação em relação a três trimestres móveis anteriores - Taxa de informalidade das pessoas de 14 anos ou mais de idade, ocupadas na semana de referência"
1,Brasil,1722,Ponto percentual,-0.4,1,Brasil,202103,jan-fev-mar 2021,12470,"Variação em relação ao mesmo trimestre móvel do ano anterior - Taxa de informalidade das pessoas de 14 anos ou mais de idade, ocupadas na semana de referência"
1,Brasil,1694,Nenhuma,A,1,Brasil,202103,jan-fev-mar 2021,12471,"Situação da Variação em relação ao mesmo trimestre móvel do ano anterior - Taxa de informalidade das pessoas de 14 anos ou mais de idade, ocupadas na semana de referência"
1,Brasil,2,%,39.4,1,Brasil,202104,fev-mar-abr 2021,12466,Taxa de informalidade das pessoas de 14 anos ou mais de idade ocupadas na semana de referência
1,Brasil,2,%,0.7,1,Brasil,202104,fev-mar-abr 2021,12467,Coeficiente de variação - Taxa de informalidade das pessoas de 14 anos ou mais de idade ocupadas na semana de referência
1,Brasil,1722,Ponto percentual,0.1,1,Brasil,202104,fev-mar-abr 2021,12468,"Variação em relação a três trimestres móveis anteriores - Taxa de informalidade das pessoas de 14 anos ou mais de idade, ocupadas na semana de referência"
1,Brasil,1694,Nenhuma,A,1,Brasil,202104,fev-mar-abr 2021,12469,"Situação da Variação em relação a três trimestres móveis anteriores - Taxa de informalidade das pessoas de 14 anos ou mais de idade, ocupadas na semana de referência"
1,Brasil,1722,Ponto percentual,0.9,1,Brasil,202104,fev-mar-abr 2021,12470,"Variação em relação ao mesmo trimestre móvel do ano anterior - Taxa de informalidade das pessoas de 14 anos ou mais de idade, ocupadas na semana de referência"
1,Brasil,1694,Nenhuma,Z,1,Brasil,202104,fev-mar-abr 2021,12471,"Situação da Variação em relação ao mesmo trimestre móvel do ano anterior - Taxa de informalidade das pessoas de 14 anos ou mais de idade, ocupadas na semana de referência"
1,Brasil,2,%,39.5,1,Brasil,202105,mar-abr-mai 2021,12466,Taxa de informalidade das pessoas de 14 anos ou mais de idade ocupadas na semana de referência
1,Brasil,2,%,0.7,1,Brasil,202105,mar-abr-mai 2021,12467,Coeficiente de variação - Taxa de informalidade das pessoas de 14 anos ou mais de idade ocupadas na semana de referência
1,Brasil,1722,Ponto percentual,0.4,1,Brasil,202105,mar-abr-mai 2021,12468,"Variação em relação a três trimestres móveis anteriores - Taxa de informalidade das pessoas de 14 anos ou mais de idade, ocupadas na semana de referência"
1,Brasil,1694,Nenhuma,A,1,Brasil,202105,mar-abr-mai 2021,12469,"Situação da Variação em relação a três trimestres móveis anteriores - Taxa de informalidade das pessoas de 14 anos ou mais de idade, ocupadas na semana de referência"
1,Brasil,1722,Ponto percentual,2.3,1,Brasil,202105,mar-abr-mai 2021,12470,"Variação em relação ao mesmo trimestre móvel do ano anterior - Taxa de informalidade das pessoas de 14 anos ou mais de idade, ocupadas na semana de referência"
1,Brasil,1694,Nenhuma,Z,1,Brasil,202105,mar-abr-mai 2021,12471,"Situação da Variação em relação ao mesmo trimestre móvel do ano anterior - Taxa de informalidade das pessoas de 14 anos ou mais de idade, ocupadas na semana de referência"
1,Brasil,2,%,40.1,1,Brasil,202106,abr-mai-jun 2021,12466,Taxa de informalidade das pessoas de 14 anos ou mais de idade ocupadas na semana de referência
1,Brasil,2,%,0.6,1,Brasil,202106,abr-mai-jun 2021,12467,Coeficiente de variação - Taxa de informalidade das pessoas de 14 anos ou mais de idade ocupadas na semana de referência
1,Brasil,1722,Ponto percentual,0.9,1,Brasil,202106,abr-mai-jun 2021,12468,"Variação em relação a três trimestres móveis anteriores - Taxa de informalidade das pessoas de 14 anos ou mais de idade, ocupadas na semana de referência"
1,Brasil,1694,Nenhuma,Z,1,Brasil,202106,abr-mai-jun 2021,12469,"Situação da Variação em relação a três trimestres móveis anteriores - Taxa de informalidade das pessoas de 14 anos ou mais de idade, ocupadas na semana de referência"
1,Brasil,1722,Ponto percentual,3.5,1,Brasil,202106,abr-mai-jun 2021,12470,"Variação em relação ao mesmo trimestre móvel do ano anterior - Taxa de informalidade das pessoas de 14 anos ou mais de idade, ocupadas na semana de referência"
1,Brasil,1694,Nenhuma,Z,1,Brasil,202106,abr-mai-jun 2021,12471,"Situação da Variação em relação ao mesmo trimestre móvel do ano anterior - Taxa de informalidade das pessoas de 14 anos ou mais de idade, ocupadas na semana de referência"
1,Brasil,2,%,40.3,1,Brasil,202107,mai-jun-jul 2021,12466,Taxa de informalidade das pessoas de 14 anos ou mais de idade ocupadas na semana de referência
1,Brasil,2,%,0.6,1,Brasil,202107,mai-jun-jul 2021,12467,Coeficiente de variação - Taxa de informalidade das pessoas de 14 anos ou mais de idade ocupadas na semana de referência
1,Brasil,1722,Ponto percentual,0.9,1,Brasil,202107,mai-jun-jul 2021,12468,"Variação em relação a três trimestres móveis anteriores - Taxa de informalidade das pessoas de 14 anos ou mais de idade, ocupadas na semana de referência"
1,Brasil,1694,Nenhuma,Z,1,Brasil,202107,mai-jun-jul 2021,12469,"Situação da Variação em relação a três trimestres móveis anteriores - Taxa de informalidade das pessoas de 14 anos ou mais de idade, ocupadas na semana de referência"
1,Brasil,1722,Ponto percentual,3.1,1,Brasil,202107,mai-jun-jul 2021,12470,"Variação em relação ao mesmo trimestre móvel do ano anterior - Taxa de informalidade das pessoas de 14 anos ou mais de idade, ocupadas na semana de referência"
1,Brasil,1694,Nenhuma,Z,1,Brasil,202107,mai-jun-jul 2021,12471,"Situação da Variação em relação ao mesmo trimestre móvel do ano anterior - Taxa de informalidade das pessoas de 14 anos ou mais de idade, ocupadas na semana de referência"
1,Brasil,2,%,40.7,1,Brasil,202108,jun-jul-ago 2021,12466,Taxa de informalidade das pessoas de 14 anos ou mais de idade ocupadas na semana de referência
1,Brasil,2,%,0.5,1,Brasil,202108,jun-jul-ago 2021,12467,Coeficiente de variação - Taxa de informalidade das pessoas de 14 anos ou mais de idade ocupadas na semana de referência
1,Brasil,1722,Ponto percentual,1.1,1,Brasil,202108,jun-jul-ago 2021,12468,"Variação em relação a três trimestres móveis anteriores - Taxa de informalidade das pessoas de 14 anos ou mais de idade, ocupadas na semana de referência"
1,Brasil,1694,Nenhuma,Z,1,Brasil,202108,jun-jul-ago 2021,12469,"Situação da Variação em relação a três trimestres móveis anteriores - Taxa de informalidade das pessoas de 14 anos ou mais de idade, ocupadas na semana de referência"
1,Brasil,1722,Ponto percentual,2.9,1,Brasil,202108,jun-jul-ago 2021,12470,"Variação em relação ao mesmo trimestre móvel do ano anterior - Taxa de informalidade das pessoas de 14 anos ou mais de idade, ocupadas na semana de referência"
1,Brasil,1694,Nenhuma,Z,1,Brasil,202108,jun-jul-ago 2021,12471,"Situação da Variação em relação ao mesmo trimestre móvel do ano anterior - Taxa de informalidade das pessoas de 14 anos ou mais de idade, ocupadas na semana de referência"
1,Brasil,2,%,40.7,1,Brasil,202109,jul-ago-set 2021,12466,Taxa de informalidade das pessoas de 14 anos ou mais de idade ocupadas na semana de referência
1,Brasil,2,%,0.5,1,Brasil,202109,jul-ago-set 2021,12467,Coeficiente de variação - Taxa de informalidade das pessoas de 14 anos ou mais de idade ocupadas na semana de referência
1,Brasil,1722,Ponto percentual,0.6,1,Brasil,202109,jul-ago-set 2021,12468,"Variação em relação a três trimestres móveis anteriores - Taxa de informalidade das pessoas de 14 anos ou mais de idade, ocupadas na semana de referência"
1,Brasil,1694,Nenhuma,Z,1,Brasil,202109,jul-ago-set 2021,12469,"Situação da Variação em relação a três trimestres móveis anteriores - Taxa de informalidade das pessoas de 14 anos ou mais de idade, ocupadas na semana de referência"
1,Brasil,1722,Ponto percentual,2.6,1,Brasil,202109,jul-ago-set 2021,12470,"Variação em relação ao mesmo trimestre móvel do ano anterior - Taxa de informalidade das pessoas de 14 anos ou mais de idade, ocupadas na semana de referência"
1,Brasil,1694,Nenhuma,Z,1,Brasil,202109,jul-ago-set 2021,12471,"Situação da Variação em relação ao mesmo trimestre móvel do ano anterior - Taxa de informalidade das pessoas de 14 anos ou mais de idade, ocupadas na semana de referência"
1,Brasil,2,%,40.8,1,Brasil,202110,ago-set-out 2021,12466,Taxa de informalidade das pessoas de 14 anos ou mais de idade ocupadas na semana de referência
1,Brasil,2,%,0.5,1,Brasil,202110,ago-set-out 2021,12467,Coeficiente de variação - Taxa de informalidade das pessoas de 14 anos ou mais de idade ocupadas na semana de referência
1,Brasil,1722,Ponto percentual,0.5,1,Brasil,202110,ago-set-out 2021,12468,"Variação em relação a três trimestres móveis anteriores - Taxa de informalidade das pessoas de 14 anos ou mais de idade, ocupadas na semana de referência"
1,Brasil,1694,Nenhuma,Z,1,Brasil,202110,ago-set-out 2021,12469,"Situação da Variação em relação a três trimestres móveis anteriores - Taxa de informalidade das pessoas de 14 anos ou mais de idade, ocupadas na semana de referência"
1,Brasil,1722,Ponto percentual,2.3,1,Brasil,202110,ago-set-out 2021,12470,"Variação em relação ao mesmo trimestre móvel do ano anterior - Taxa de informalidade das pessoas de 14 anos ou mais de idade, ocupadas na semana de referência"
1,Brasil,1694,Nenhuma,Z,1,Brasil,202110,ago-set-out 2021,12471,"Situação da Variação em relação ao mesmo trimestre móvel do ano anterior - Taxa de informalidade das pessoas de 14 anos ou mais de idade, ocupadas na semana de referência"
1,Brasil,2,%,40.7,1,Brasil,202111,set-out-nov 2021,12466,Taxa de informalidade das pessoas de 14 anos ou mais de idade ocupadas na semana de referência
1,Brasil,2,%,0.5,1,Brasil,202111,set-out-nov 2021,12467,Coeficiente de variação - Taxa de informalidade das pessoas de 14 anos ou mais de idade ocupadas na semana de referência
1,Brasil,1722,Ponto percentual,0.1,1,Brasil,202111,set-out-nov 2021,12468,"Variação em relação a três trimestres móveis anteriores - Taxa de informalidade das pessoas de 14 anos ou mais de idade, ocupadas na semana de referência"
1,Brasil,1694,Nenhuma,A,1,Brasil,202111,set-out-nov 2021,12469,"Situação da Variação em relação a três trimestres móveis anteriores - Taxa de informalidade das pessoas de 14 anos ou mais de idade, ocupadas na semana de referência"
1,Brasil,1722,Ponto percentual,1.9,1,Brasil,202111,set-out-nov 2021,12470,"Variação em relação ao mesmo trimestre móvel do ano anterior - Taxa de informalidade das pessoas de 14 anos ou mais de idade, ocupadas na semana de referência"
1,Brasil,1694,Nenhuma,Z,1,Brasil,202111,set-out-nov 2021,12471,"Situação da Variação em relação ao mesmo trimestre móvel do ano anterior - Taxa de informalidade das pessoas de 14 anos ou mais de idade, ocupadas na semana de referência"
1,Brasil,2,%,40.8,1,Brasil,202112,out-nov-dez 2021,12466,Taxa de informalidade das pessoas de 14 anos ou mais de idade ocupadas na semana de referência
1,Brasil,2,%,0.5,1,Brasil,202112,out-nov-dez 2021,12467,Coeficiente de variação - Taxa de informalidade das pessoas de 14 anos ou mais de idade ocupadas na semana de referência
1,Brasil,1722,Ponto percentual,0.1,1,Brasil,202112,out-nov-dez 2021,12468,"Variação em relação a três trimestres móveis anteriores - Taxa de informalidade das pessoas de 14 anos ou mais de idade, ocupadas na semana de referência"
1,Brasil,1694,Nenhuma,A,1,Brasil,202112,out-nov-dez 2021,12469,"Situação da Variação em relação a três trimestres móveis anteriores - Taxa de informalidade das pessoas de 14 anos ou mais de idade, ocupadas na semana de referência"
1,Brasil,1722,Ponto percentual,1.6,1,Brasil,202112,out-nov-dez 2021,12470,"Variação em relação ao mesmo trimestre móvel do ano anterior - Taxa de informalidade das pessoas de 14 anos ou mais de idade, ocupadas na semana de referência"
1,Brasil,1694,Nenhuma,Z,1,Brasil,202112,out-nov-dez 2021,12471,"Situação da Variação em relação ao mesmo trimestre móvel do ano anterior - Taxa de informalidade das pessoas de 14 anos ou mais de idade, ocupadas na semana de referência"
1,Brasil,2,%,40.5,1,Brasil,202201,nov-dez-jan 2022,12466,Taxa de informalidade das pessoas de 14 anos ou mais de idade ocupadas na semana de referência
1,Brasil,2,%,0.5,1,Brasil,202201,nov-dez-jan 2022,12467,Coeficiente de variação - Taxa de informalidade das pessoas de 14 anos ou mais de idade ocupadas na semana de referência
1,Brasil,1722,Ponto percentual,-0.3,1,Brasil,202201,nov-dez-jan 2022,12468,"Variação em relação a três trimestres móveis anteriores - Taxa de informalidade das pessoas de 14 anos ou mais de idade, ocupadas na semana de referência"
1,Brasil,1694,Nenhuma,A,1,Brasil,202201,nov-dez-jan 2022,12469,"Situação da Variação em relação a três trimestres móveis anteriores - Taxa de informalidade das pessoas de 14 anos ou mais de idade, ocupadas na semana de referência"
1,Brasil,1722,Ponto percentual,1.2,1,Brasil,202201,nov-dez-jan 2022,12470,"Variação em relação ao mesmo trimestre móvel do ano anterior - Taxa de informalidade das pessoas de 14 anos ou mais de idade, ocupadas na semana de referência"
1,Brasil,1694,Nenhuma,Z,1,Brasil,202201,nov-dez-jan 2022,12471,"Situação da Variação em relação ao mesmo trimestre móvel do ano anterior - Taxa de informalidade das pessoas de 14 anos ou mais de idade, ocupadas na semana de referência"
1,Brasil,2,%,40.3,1,Brasil,202202,dez-jan-fev 2022,12466,Taxa de informalidade das pessoas de 14 anos ou mais de idade ocupadas na semana de referência
1,Brasil,2,%,0.5,1,Brasil,202202,dez-jan-fev 2022,12467,Coeficiente de variação - Taxa de informalidade das pessoas de 14 anos ou mais de idade ocupadas na semana de referência
1,Brasil,1722,Ponto percentual,-0.4,1,Brasil,202202,dez-jan-fev 2022,12468,"Variação em relação a três trimestres móveis anteriores - Taxa de informalidade das pessoas de 14 anos ou mais de idade, ocupadas na semana de referência"
1,Brasil,1694,Nenhuma,Z,1,Brasil,202202,dez-jan-fev 2022,12469,"Situação da Variação em relação a três trimestres móveis anteriores - Taxa de informalidade das pessoas de 14 anos ou mais de idade, ocupadas na semana de referência"
1,Brasil,1722,Ponto percentual,1.2,1,Brasil,202202,dez-jan-fev 2022,12470,"Variação em relação ao mesmo trimestre móvel do ano anterior - Taxa de informalidade das pessoas de 14 anos ou mais de idade, ocupadas na semana de referência"
1,Brasil,1694,Nenhuma,Z,1,Brasil,202202,dez-jan-fev 2022,12471,"Situação da Variação em relação ao mesmo trimestre móvel do ano anterior - Taxa de informalidade das pessoas de 14 anos ou mais de idade, ocupadas na semana de referência"
1,Brasil,2,%,40.2,1,Brasil,202203,jan-fev-mar 2022,12466,Taxa de informalidade das pessoas de 14 anos ou mais de idade ocupadas na semana de referência
1,Brasil,2,%,0.5,1,Brasil,202203,jan-fev-mar 2022,12467,Coeficiente de variação - Taxa de informalidade das pessoas de 14 anos ou mais de idade ocupadas na semana de referência
1,Brasil,1722,Ponto percentual,-0.6,1,Brasil,202203,jan-fev-mar 2022,12468,"Variação em relação a três trimestres móveis anteriores - Taxa de informalidade das pessoas de 14 anos ou mais de idade, ocupadas na semana de referência"
1,Brasil,1694,Nenhuma,Z,1,Brasil,202203,jan-fev-mar 2022,12469,"Situação da Variação em relação a três trimestres móveis anteriores - Taxa de informalidade das pessoas de 14 anos ou mais de idade, ocupadas na semana de referência"
1,Brasil,1722,Ponto percentual,1.0,1,Brasil,202203,jan-fev-mar 2022,12470,"Variação em relação ao mesmo trimestre móvel do ano anterior - Taxa de informalidade das pessoas de 14 anos ou mais de idade, ocupadas na semana de referência"
1,Brasil,1694,Nenhuma,Z,1,Brasil,202203,jan-fev-mar 2022,12471,"Situação da Variação em relação ao mesmo trimestre móvel do ano anterior - Taxa de informalidade das pessoas de 14 anos ou mais de idade, ocupadas na semana de referência"
1,Brasil,2,%,40.2,1,Brasil,202204,fev-mar-abr 2022,12466,Taxa de informalidade das pessoas de 14 anos ou mais de idade ocupadas na semana de referência
1,Brasil,2,%,0.5,1,Brasil,202204,fev-mar-abr 2022,12467,Coeficiente de variação - Taxa de informalidade das pessoas de 14 anos ou mais de idade ocupadas na semana de referência
1,Brasil,1722,Ponto percentual,-0.3,1,Brasil,202204,fev-mar-abr 2022,12468,"Variação em relação a três trimestres móveis anteriores - Taxa de informalidade das pessoas de 14 anos ou mais de idade, ocupadas na semana de referência"
1,Brasil,1694,Nenhuma,A,1,Brasil,202204,fev-mar-abr 2022,12469,"Situação da Variação em relação a três trimestres móveis anteriores - Taxa de informalidade das pessoas de 14 anos ou mais de idade, ocupadas na semana de referência"
1,Brasil,1722,Ponto percentual,0.9,1,Brasil,202204,fev-mar-abr 2022,12470,"Variação em relação ao mesmo trimestre móvel do ano anterior - Taxa de informalidade das pessoas de 14 anos ou mais de idade, ocupadas na semana de referência"
1,Brasil,1694,Nenhuma,Z,1,Brasil,202204,fev-mar-abr 2022,12471,"Situação da Variação em relação ao mesmo trimestre móvel do ano anterior - Taxa de informalidade das pessoas de 14 anos ou mais de idade, ocupadas na semana de referência"
1,Brasil,2,%,40.2,1,Brasil,202205,mar-abr-mai 2022,12466,Taxa de informalidade das pessoas de 14 anos ou mais de idade ocupadas na semana de referência
1,Brasil,2,%,0.5,1,Brasil,202205,mar-abr-mai 2022,12467,Coeficiente de variação - Taxa de informalidade das pessoas de 14 anos ou mais de idade ocupadas na semana de referência
1,Brasil,1722,Ponto percentual,-0.1,1,Brasil,202205,mar-abr-mai 2022,12468,"Variação em relação a três trimestres móveis anteriores - Taxa de informalidade das pessoas de 14 anos ou mais de idade, ocupadas na semana de referência"
1,Brasil,1694,Nenhuma,A,1,Brasil,202205,mar-abr-mai 2022,12469,"Situação da Variação em relação a três trimestres móveis anteriores - Taxa de informalidade das pessoas de 14 anos ou mais de idade, ocupadas na semana de referência"
1,Brasil,1722,Ponto percentual,0.7,1,Brasil,202205,mar-abr-mai 2022,12470,"Variação em relação ao mesmo trimestre móvel do ano anterior - Taxa de informalidade das pessoas de 14 anos ou mais de idade, ocupadas na semana de referência"
1,Brasil,1694,Nenhuma,Z,1,Brasil,202205,mar-abr-mai 2022,12471,"Situação da Variação em relação ao mesmo trimestre móvel do ano anterior - Taxa de informalidade das pessoas de 14 anos ou mais de idade, ocupadas na semana de referência"
1,Brasil,2,%,40.0,1,Brasil,202206,abr-mai-jun 2022,12466,Taxa de informalidade das pessoas de 14 anos ou mais de idade ocupadas na semana de referência
1,Brasil,2,%,0.5,1,Brasil,202206,abr-mai-jun 2022,12467,Coeficiente de variação - Taxa de informalidade das pessoas de 14 anos ou mais de idade ocupadas na semana de referência
1,Brasil,1722,Ponto percentual,-0.1,1,Brasil,202206,abr-mai-jun 2022,12468,"Variação em relação a três trimestres móveis anteriores - Taxa de informalidade das pessoas de 14 anos ou mais de idade, ocupadas na semana de referência"
1,Brasil,1694,Nenhuma,A,1,Brasil,202206,abr-mai-jun 2022,12469,"Situação da Variação em relação a três trimestres móveis anteriores - Taxa de informalidade das pessoas de 14 anos ou mais de idade, ocupadas na semana de referência"
1,Brasil,1722,Ponto percentual,-0.1,1,Brasil,202206,abr-mai-jun 2022,12470,"Variação em relação ao mesmo trimestre móvel do ano anterior - Taxa de informalidade das pessoas de 14 anos ou mais de idade, ocupadas na semana de referência"
1,Brasil,1694,Nenhuma,A,1,Brasil,202206,abr-mai-jun 2022,12471,"Situação da Variação em relação ao mesmo trimestre móvel do ano anterior - Taxa de informalidade das pessoas de 14 anos ou mais de idade, ocupadas na semana de referência"
1,Brasil,2,%,39.9,1,Brasil,202207,mai-jun-jul 2022,12466,Taxa de informalidade das pessoas de 14 anos ou mais de idade ocupadas na semana de referência
1,Brasil,2,%,0.5,1,Brasil,202207,mai-jun-jul 2022,12467,Coeficiente de variação - Taxa de informalidade das pessoas de 14 anos ou mais de idade ocupadas na semana de referência
1,Brasil,1722,Ponto percentual,-0.3,1,Brasil,202207,mai-jun-jul 2022,12468,"Variação em relação a três trimestres móveis anteriores - Taxa de informalidade das pessoas de 14 anos ou mais de idade, ocupadas na semana de referência"
1,Brasil,1694,Nenhuma,A,1,Brasil,202207,mai-jun-jul 2022,12469,"Situação da Variação em relação a três trimestres móveis anteriores - Taxa de informalidade das pessoas de 14 anos ou mais de idade, ocupadas na semana de referência"
1,Brasil,1722,Ponto percentual,-0.4,1,Brasil,202207,mai-jun-jul 2022,12470,"Variação em relação ao mesmo trimestre móvel do ano anterior - Taxa de informalidade das pessoas de 14 anos ou mais de idade, ocupadas na semana de referência"
1,Brasil,1694,Nenhuma,A,1,Brasil,202207,mai-jun-jul 2022,12471,"Situação da Variação em relação ao mesmo trimestre móvel do ano anterior - Taxa de informalidade das pessoas de 14 anos ou mais de idade, ocupadas na semana de referência"
1,Brasil,2,%,39.8,1,Brasil,202208,jun-jul-ago 2022,12466,Taxa de informalidade das pessoas de 14 anos ou mais de idade ocupadas na semana de referência
1,Brasil,2,%,0.5,1,Brasil,202208,jun-jul-ago 2022,12467,Coeficiente de variação - Taxa de informalidade das pessoas de 14 anos ou mais de idade ocupadas na semana de referência
1,Brasil,1722,Ponto percentual,-0.4,1,Brasil,202208,jun-jul-ago 2022,12468,"Variação em relação a três trimestres móveis anteriores - Taxa de informalidade das pessoas de 14 anos ou mais de idade, ocupadas na semana de referência"
1,Brasil,1694,Nenhuma,Z,1,Brasil,202208,jun-jul-ago 2022,12469,"Situação da Variação em relação a três trimestres móveis anteriores - Taxa de informalidade das pessoas de 14 anos ou mais de idade, ocupadas na semana de referência"
1,Brasil,1722,Ponto percentual,-0.9,1,Brasil,202208,jun-jul-ago 2022,12470,"Variação em relação ao mesmo trimestre móvel do ano anterior - Taxa de informalidade das pessoas de 14 anos ou mais de idade, ocupadas na semana de referência"
1,Brasil,1694,Nenhuma,Z,1,Brasil,202208,jun-jul-ago 2022,12471,"Situação da Variação em relação ao mesmo trimestre móvel do ano anterior - Taxa de informalidade das pessoas de 14 anos ou mais de idade, ocupadas na semana de referência"
1,Brasil,2,%,39.5,1,Brasil,202209,jul-ago-set 2022,12466,Taxa de informalidade das pessoas de 14 anos ou mais de idade ocupadas na semana de referência
1,Brasil,2,%,0.5,1,Brasil,202209,jul-ago-set 2022,12467,Coeficiente de variação - Taxa de informalidade das pessoas de 14 anos ou mais de idade ocupadas na semana de referência
1,Brasil,1722,Ponto percentual,-0.5,1,Brasil,202209,jul-ago-set 2022,12468,"Variação em relação a três trimestres móveis anteriores - Taxa de informalidade das pessoas de 14 anos ou mais de idade, ocupadas na semana de referência"
1,Brasil,1694,Nenhuma,Z,1,Brasil,202209,jul-ago-set 2022,12469,"Situação da Variação em relação a três trimestres móveis anteriores - Taxa de informalidade das pessoas de 14 anos ou mais de idade, ocupadas na semana de referência"
1,Brasil,1722,Ponto percentual,-1.1,1,Brasil,202209,jul-ago-set 2022,12470,"Variação em relação ao mesmo trimestre móvel do ano anterior - Taxa de informalidade das pessoas de 14 anos ou mais de idade, ocupadas na semana de referência"
1,Brasil,1694,Nenhuma,Z,1,Brasil,202209,jul-ago-set 2022,12471,"Situação da Variação em relação ao mesmo trimestre móvel do ano anterior - Taxa de informalidade das pessoas de 14 anos ou mais de idade, ocupadas na semana de referência"
1,Brasil,2,%,39.2,1,Brasil,202210,ago-set-out 2022,12466,Taxa de informalidade das pessoas de 14 anos ou mais de idade ocupadas na semana de referência
1,Brasil,2,%,0.5,1,Brasil,202210,ago-set-out 2022,12467,Coeficiente de variação - Taxa de informalidade das pessoas de 14 anos ou mais de idade ocupadas na semana de referência
1,Brasil,1722,Ponto percentual,-0.7,1,Brasil,202210,ago-set-out 2022,12468,"Variação em relação a três trimestres móveis anteriores - Taxa de informalidade das pessoas de 14 anos ou mais de idade, ocupadas na semana de referência"
1,Brasil,1694,Nenhuma,Z,1,Brasil,202210,ago-set-out 2022,12469,"Situação da Variação em relação a três trimestres móveis anteriores - Taxa de informalidade das pessoas de 14 anos ou mais de idade, ocupadas na semana de referência"
1,Brasil,1722,Ponto percentual,-1.6,1,Brasil,202210,ago-set-out 2022,12470,"Variação em relação ao mesmo trimestre móvel do ano anterior - Taxa de informalidade das pessoas de 14 anos ou mais de idade, ocupadas na semana de referência"
1,Brasil,1694,Nenhuma,Z,1,Brasil,202210,ago-set-out 2022,12471,"Situação da Variação em relação ao mesmo trimestre móvel do ano anterior - Taxa de informalidade das pessoas de 14 anos ou mais de idade, ocupadas na semana de referência"
1,Brasil,2,%,39.0,1,Brasil,202211,set-out-nov 2022,12466,Taxa de informalidade das pessoas de 14 anos ou mais de idade ocupadas na semana de referência
1,Brasil,2,%,0.5,1,Brasil,202211,set-out-nov 2022,12467,Coeficiente de variação - Taxa de informalidade das pessoas de 14 anos ou mais de idade ocupadas na semana de referência
1,Brasil,1722,Ponto percentual,-0.8,1,Brasil,202211,set-out-nov 2022,12468,"Variação em relação a três trimestres móveis anteriores - Taxa de informalidade das pessoas de 14 anos ou mais de idade, ocupadas na semana de referência"
1,Brasil,1694,Nenhuma,Z,1,Brasil,202211,set-out-nov 2022,12469,"Situação da Variação em relação a três trimestres móveis anteriores - Taxa de informalidade das pessoas de 14 anos ou mais de idade, ocupadas na semana de referência"
1,Brasil,1722,Ponto percentual,-1.7,1,Brasil,202211,set-out-nov 2022,12470,"Variação em relação ao mesmo trimestre móvel do ano anterior - Taxa de informalidade das pessoas de 14 anos ou mais de idade, ocupadas na semana de referência"
1,Brasil,1694,Nenhuma,Z,1,Brasil,202211,set-out-nov 2022,12471,"Situação da Variação em relação ao mesmo trimestre móvel do ano anterior - Taxa de informalidade das pessoas de 14 anos ou mais de idade, ocupadas na semana de referência"
1,Brasil,2,%,38.9,1,Brasil,202212,out-nov-dez 2022,12466,Taxa de informalidade das pessoas de 14 anos ou mais de idade ocupadas na semana de referência
1,Brasil,2,%,0.5,1,Brasil,202212,out-nov-dez 2022,12467,Coeficiente de variação - Taxa de informalidade das pessoas de 14 anos ou mais de idade ocupadas na semana de referência
1,Brasil,1722,Ponto percentual,-0.6,1,Brasil,202212,out-nov-dez 2022,12468,"Variação em relação a três trimestres móveis anteriores - Taxa de informalidade das pessoas de 14 anos ou mais de idade, ocupadas na semana de referência"
1,Brasil,1694,Nenhuma,Z,1,Brasil,202212,out-nov-dez 2022,12469,"Situação da Variação em relação a três trimestres móveis anteriores - Taxa de informalidade das pessoas de 14 anos ou mais de idade, ocupadas na semana de referência"
1,Brasil,1722,Ponto percentual,-1.9,1,Brasil,202212,out-nov-dez 2022,12470,"Variação em relação ao mesmo trimestre móvel do ano anterior - Taxa de informalidade das pessoas de 14 anos ou mais de idade, ocupadas na semana de referência"
1,Brasil,1694,Nenhuma,Z,1,Brasil,202212,out-nov-dez 2022,12471,"Situação da Variação em relação ao mesmo trimestre móvel do ano anterior - Taxa de informalidade das pessoas de 14 anos ou mais de idade, ocupadas na semana de referência"
1,Brasil,2,%,39.1,1,Brasil,202301,nov-dez-jan 2023,12466,Taxa de informalidade das pessoas de 14 anos ou mais de idade ocupadas na semana de referência
1,Brasil,2,%,0.5,1,Brasil,202301,nov-dez-jan 2023,12467,Coeficiente de variação - Taxa de informalidade das pessoas de 14 anos ou mais de idade ocupadas na semana de referência
1,Brasil,1722,Ponto percentual,-0.1,1,Brasil,202301,nov-dez-jan 2023,12468,"Variação em relação a três trimestres móveis anteriores - Taxa de informalidade das pessoas de 14 anos ou mais de idade, ocupadas na semana de referência"
1,Brasil,1694,Nenhuma,A,1,Brasil,202301,nov-dez-jan 2023,12469,"Situação da Variação em relação a três trimestres móveis anteriores - Taxa de informalidade das pessoas de 14 anos ou mais de idade, ocupadas na semana de referência"
1,Brasil,1722,Ponto percentual,-1.4,1,Brasil,202301,nov-dez-jan 2023,12470,"Variação em relação ao mesmo trimestre móvel do ano anterior - Taxa de informalidade das pessoas de 14 anos ou mais de idade, ocupadas na semana de referência"
1,Brasil,1694,Nenhuma,Z,1,Brasil,202301,nov-dez-jan 2023,12471,"Situação da Variação em relação ao mesmo trimestre móvel do ano anterior - Taxa de informalidade das pessoas de 14 anos ou mais de idade, ocupadas na semana de referência"
1,Brasil,2,%,39.0,1,Brasil,202302,dez-jan-fev 2023,12466,Taxa de informalidade das pessoas de 14 anos ou mais de idade ocupadas na semana de referência
1,Brasil,2,%,0.5,1,Brasil,202302,dez-jan-fev 2023,12467,Coeficiente de variação - Taxa de informalidade das pessoas de 14 anos ou mais de idade ocupadas na semana de referência
1,Brasil,1722,Ponto percentual,0.0,1,Brasil,202302,dez-jan-fev 2023,12468,"Variação em relação a três trimestres móveis anteriores - Taxa de informalidade das pessoas de 14 anos ou mais de idade, ocupadas na semana de referência"
1,Brasil,1694,Nenhuma,A,1,Brasil,202302,dez-jan-fev 2023,12469,"Situação da Variação em relação a três trimestres móveis anteriores - Taxa de informalidade das pessoas de 14 anos ou mais de idade, ocupadas na semana de referência"
1,Brasil,1722,Ponto percentual,-1.3,1,Brasil,202302,dez-jan-fev 2023,12470,"Variação em relação ao mesmo trimestre móvel do ano anterior - Taxa de informalidade das pessoas de 14 anos ou mais de idade, ocupadas na semana de referência"
1,Brasil,1694,Nenhuma,Z,1,Brasil,202302,dez-jan-fev 2023,12471,"Situação da Variação em relação ao mesmo trimestre móvel do ano anterior - Taxa de informalidade das pessoas de 14 anos ou mais de idade, ocupadas na semana de referência"
1,Brasil,2,%,39.0,1,Brasil,202303,jan-fev-mar 2023,12466,Taxa de informalidade das pessoas de 14 anos ou mais de idade ocupadas na semana de referência
1,Brasil,2,%,0.5,1,Brasil,202303,jan-fev-mar 2023,12467,Coeficiente de variação - Taxa de informalidade das pessoas de 14 anos ou mais de idade ocupadas na semana de referência
1,Brasil,1722,Ponto percentual,0.2,1,Brasil,202303,jan-fev-mar 2023,12468,"Variação em relação a três trimestres móveis anteriores - Taxa de informalidade das pessoas de 14 anos ou mais de idade, ocupadas na semana de referência"
1,Brasil,1694,Nenhuma,A,1,Brasil,202303,jan-fev-mar 2023,12469,"Situação da Variação em relação a três trimestres móveis anteriores - Taxa de informalidade das pessoas de 14 anos ou mais de idade, ocupadas na semana de referência"
1,Brasil,1722,Ponto percentual,-1.2,1,Brasil,202303,jan-fev-mar 2023,12470,"Variação em relação ao mesmo trimestre móvel do ano anterior - Taxa de informalidade das pessoas de 14 anos ou mais de idade, ocupadas na semana de referência"
1,Brasil,1694,Nenhuma,Z,1,Brasil,202303,jan-fev-mar 2023,12471,"Situação da Variação em relação ao mesmo trimestre móvel do ano anterior - Taxa de informalidade das pessoas de 14 anos ou mais de idade, ocupadas na semana de referência"
1,Brasil,2,%,38.9,1,Brasil,202304,fev-mar-abr 2023,12466,Taxa de informalidade das pessoas de 14 anos ou mais de idade ocupadas na semana de referência
1,Brasil,2,%,0.5,1,Brasil,202304,fev-mar-abr 2023,12467,Coeficiente de variação - Taxa de informalidade das pessoas de 14 anos ou mais de idade ocupadas na semana de referência
1,Brasil,1722,Ponto percentual,-0.1,1,Brasil,202304,fev-mar-abr 2023,12468,"Variação em relação a três trimestres móveis anteriores - Taxa de informalidade das pessoas de 14 anos ou mais de idade, ocupadas na semana de referência"
1,Brasil,1694,Nenhuma,A,1,Brasil,202304,fev-mar-abr 2023,12469,"Situação da Variação em relação a três trimestres móveis anteriores - Taxa de informalidade das pessoas de 14 anos ou mais de idade, ocupadas na semana de referência"
1,Brasil,1722,Ponto percentual,-1.3,1,Brasil,202304,fev-mar-abr 2023,12470,"Variação em relação ao mesmo trimestre móvel do ano anterior - Taxa de informalidade das pessoas de 14 anos ou mais de idade, ocupadas na semana de referência"
1,Brasil,1694,Nenhuma,Z,1,Brasil,202304,fev-mar-abr 2023,12471,"Situação da Variação em relação ao mesmo trimestre móvel do ano anterior - Taxa de informalidade das pessoas de 14 anos ou mais de idade, ocupadas na semana de referência"
1,Brasil,2,%,39.0,1,Brasil,202305,mar-abr-mai 2023,12466,Taxa de informalidade das pessoas de 14 anos ou mais de idade ocupadas na semana de referência
1,Brasil,2,%,0.5,1,Brasil,202305,mar-abr-mai 2023,12467,Coeficiente de variação - Taxa de informalidade das pessoas de 14 anos ou mais de idade ocupadas na semana de referência
1,Brasil,1722,Ponto percentual,0.0,1,Brasil,202305,mar-abr-mai 2023,12468,"Variação em relação a três trimestres móveis anteriores - Taxa de informalidade das pessoas de 14 anos ou mais de idade, ocupadas na semana de referência"
1,Brasil,1694,Nenhuma,A,1,Brasil,202305,mar-abr-mai 2023,12469,"Situação da Variação em relação a três trimestres móveis anteriores - Taxa de informalidade das pessoas de 14 anos ou mais de idade, ocupadas na semana de referência"
1,Brasil,1722,Ponto percentual,-1.2,1,Brasil,202305,mar-abr-mai 2023,12470,"Variação em relação ao mesmo trimestre móvel do ano anterior - Taxa de informalidade das pessoas de 14 anos ou mais de idade, ocupadas na semana de referência"
1,Brasil,1694,Nenhuma,Z,1,Brasil,202305,mar-abr-mai 2023,12471,"Situação da Variação em relação ao mesmo trimestre móvel do ano anterior - Taxa de informalidade das pessoas de 14 anos ou mais de idade, ocupadas na semana de referência"
1,Brasil,2,%,39.2,1,Brasil,202306,abr-mai-jun 2023,12466,Taxa de informalidade das pessoas de 14 anos ou mais de idade ocupadas na semana de referência
1,Brasil,2,%,0.5,1,Brasil,202306,abr-mai-jun 2023,12467,Coeficiente de variação - Taxa de informalidade das pessoas de 14 anos ou mais de idade ocupadas na semana de referência
1,Brasil,1722,Ponto percentual,0.2,1,Brasil,202306,abr-mai-jun 2023,12468,"Variação em relação a três trimestres móveis anteriores - Taxa de informalidade das pessoas de 14 anos ou mais de idade, ocupadas na semana de referência"
1,Brasil,1694,Nenhuma,A,1,Brasil,202306,abr-mai-jun 2023,12469,"Situação da Variação em relação a três trimestres móveis anteriores - Taxa de informalidade das pessoas de 14 anos ou mais de idade, ocupadas na semana de referência"
1,Brasil,1722,Ponto percentual,-0.8,1,Brasil,202306,abr-mai-jun 2023,12470,"Variação em relação ao mesmo trimestre móvel do ano anterior - Taxa de informalidade das pessoas de 14 anos ou mais de idade, ocupadas na semana de referência"
1,Brasil,1694,Nenhuma,Z,1,Brasil,202306,abr-mai-jun 2023,12471,"Situação da Variação em relação ao mesmo trimestre móvel do ano anterior - Taxa de informalidade das pessoas de 14 anos ou mais de idade, ocupadas na semana de referência"
1,Brasil,2,%,39.2,1,Brasil,202307,mai-jun-jul 2023,12466,Taxa de informalidade das pessoas de 14 anos ou mais de idade ocupadas na semana de referência
1,Brasil,2,%,0.5,1,Brasil,202307,mai-jun-jul 2023,12467,Coeficiente de variação - Taxa de informalidade das pessoas de 14 anos ou mais de idade ocupadas na semana de referência
1,Brasil,1722,Ponto percentual,0.3,1,Brasil,202307,mai-jun-jul 2023,12468,"Variação em relação a três trimestres móveis anteriores - Taxa de informalidade das pessoas de 14 anos ou mais de idade, ocupadas na semana de referência"
1,Brasil,1694,Nenhuma,A,1,Brasil,202307,mai-jun-jul 2023,12469,"Situação da Variação em relação a três trimestres móveis anteriores - Taxa de informalidade das pessoas de 14 anos ou mais de idade, ocupadas na semana de referência"
1,Brasil,1722,Ponto percentual,-0.7,1,Brasil,202307,mai-jun-jul 2023,12470,"Variação em relação ao mesmo trimestre móvel do ano anterior - Taxa de informalidade das pessoas de 14 anos ou mais de idade, ocupadas na semana de referência"
1,Brasil,1694,Nenhuma,Z,1,Brasil,202307,mai-jun-jul 2023,12471,"Situação da Variação em relação ao mesmo trimestre móvel do ano anterior - Taxa de informalidade das pessoas de 14 anos ou mais de idade, ocupadas na semana de referência"
1,Brasil,2,%,39.2,1,Brasil,202308,jun-jul-ago 2023,12466,Taxa de informalidade das pessoas de 14 anos ou mais de idade ocupadas na semana de referência
1,Brasil,2,%,0.5,1,Brasil,202308,jun-jul-ago 2023,12467,Coeficiente de variação - Taxa de informalidade das pessoas de 14 anos ou mais de idade ocupadas na semana de referência
1,Brasil,1722,Ponto percentual,0.2,1,Brasil,202308,jun-jul-ago 2023,12468,"Variação em relação a três trimestres móveis anteriores - Taxa de informalidade das pessoas de 14 anos ou mais de idade, ocupadas na semana de referência"
1,Brasil,1694,Nenhuma,A,1,Brasil,202308,jun-jul-ago 2023,12469,"Situação da Variação em relação a três trimestres móveis anteriores - Taxa de informalidade das pessoas de 14 anos ou mais de idade, ocupadas na semana de referência"
1,Brasil,1722,Ponto percentual,-0.6,1,Brasil,202308,jun-jul-ago 2023,12470,"Variação em relação ao mesmo trimestre móvel do ano anterior - Taxa de informalidade das pessoas de 14 anos ou mais de idade, ocupadas na semana de referência"
1,Brasil,1694,Nenhuma,Z,1,Brasil,202308,jun-jul-ago 2023,12471,"Situação da Variação em relação ao mesmo trimestre móvel do ano anterior - Taxa de informalidade das pessoas de 14 anos ou mais de idade, ocupadas na semana de referência"
1,Brasil,2,%,39.1,1,Brasil,202309,jul-ago-set 2023,12466,Taxa de informalidade das pessoas de 14 anos ou mais de idade ocupadas na semana de referência
1,Brasil,2,%,0.5,1,Brasil,202309,jul-ago-set 2023,12467,Coeficiente de variação - Taxa de informalidade das pessoas de 14 anos ou mais de idade ocupadas na semana de referência
1,Brasil,1722,Ponto percentual,-0.1,1,Brasil,202309,jul-ago-set 2023,12468,"Variação em relação a três trimestres móveis anteriores - Taxa de informalidade das pessoas de 14 anos ou mais de idade, ocupadas na semana de referência"
1,Brasil,1694,Nenhuma,A,1,Brasil,202309,jul-ago-set 2023,12469,"Situação da Variação em relação a três trimestres móveis anteriores - Taxa de informalidade das pessoas de 14 anos ou mais de idade, ocupadas na semana de referência"
1,Brasil,1722,Ponto percentual,-0.4,1,Brasil,202309,jul-ago-set 2023,12470,"Variação em relação ao mesmo trimestre móvel do ano anterior - Taxa de informalidade das pessoas de 14 anos ou mais de idade, ocupadas na semana de referência"
1,Brasil,1694,Nenhuma,A,1,Brasil,202309,jul-ago-set 2023,12471,"Situação da Variação em relação ao mesmo trimestre móvel do ano anterior - Taxa de informalidade das pessoas de 14 anos ou mais de idade, ocupadas na semana de referência"
1,Brasil,2,%,39.2,1,Brasil,202310,ago-set-out 2023,12466,Taxa de informalidade das pessoas de 14 anos ou mais de idade ocupadas na semana de referência
1,Brasil,2,%,0.5,1,Brasil,202310,ago-set-out 2023,12467,Coeficiente de variação - Taxa de informalidade das pessoas de 14 anos ou mais de idade ocupadas na semana de referência
1,Brasil,1722,Ponto percentual,-0.1,1,Brasil,202310,ago-set-out 2023,12468,"Variação em relação a três trimestres móveis anteriores - Taxa de informalidade das pessoas de 14 anos ou mais de idade, ocupadas na semana de referência"
1,Brasil,1694,Nenhuma,A,1,Brasil,202310,ago-set-out 2023,12469,"Situação da Variação em relação a três trimestres móveis anteriores - Taxa de informalidade das pessoas de 14 anos ou mais de idade, ocupadas na semana de referência"
1,Brasil,1722,Ponto percentual,0.0,1,Brasil,202310,ago-set-out 2023,12470,"Variação em relação ao mesmo trimestre móvel do ano anterior - Taxa de informalidade das pessoas de 14 anos ou mais de idade, ocupadas na semana de referência"
1,Brasil,1694,Nenhuma,A,1,Brasil,202310,ago-set-out 2023,12471,"Situação da Variação em relação ao mesmo trimestre móvel do ano anterior - Taxa de informalidade das pessoas de 14 anos ou mais de idade, ocupadas na semana de referência"
1,Brasil,2,%,39.3,1,Brasil,202311,set-out-nov 2023,12466,Taxa de informalidade das pessoas de 14 anos ou mais de idade ocupadas na semana de referência
1,Brasil,2,%,0.5,1,Brasil,202311,set-out-nov 2023,12467,Coeficiente de variação - Taxa de informalidade das pessoas de 14 anos ou mais de idade ocupadas na semana de referência
1,Brasil,1722,Ponto percentual,0.1,1,Brasil,202311,set-out-nov 2023,12468,"Variação em relação a três trimestres móveis anteriores - Taxa de informalidade das pessoas de 14 anos ou mais de idade, ocupadas na semana de referência"
1,Brasil,1694,Nenhuma,A,1,Brasil,202311,set-out-nov 2023,12469,"Situação da Variação em relação a três trimestres móveis anteriores - Taxa de informalidade das pessoas de 14 anos ou mais de idade, ocupadas na semana de referência"
1,Brasil,1722,Ponto percentual,0.3,1,Brasil,202311,set-out-nov 2023,12470,"Variação em relação ao mesmo trimestre móvel do ano anterior - Taxa de informalidade das pessoas de 14 anos ou mais de idade, ocupadas na semana de referência"
1,Brasil,1694,Nenhuma,A,1,Brasil,202311,set-out-nov 2023,12471,"Situação da Variação em relação ao mesmo trimestre móvel do ano anterior - Taxa de informalidade das pessoas de 14 anos ou mais de idade, ocupadas na semana de referência"
1,Brasil,2,%,39.2,1,Brasil,202312,out-nov-dez 2023,12466,Taxa de informalidade das pessoas de 14 anos ou mais de idade ocupadas na semana de referência
1,Brasil,2,%,0.5,1,Brasil,202312,out-nov-dez 2023,12467,Coeficiente de variação - Taxa de informalidade das pessoas de 14 anos ou mais de idade ocupadas na semana de referência
1,Brasil,1722,Ponto percentual,0.0,1,Brasil,202312,out-nov-dez 2023,12468,"Variação em relação a três trimestres móveis anteriores - Taxa de informalidade das pessoas de 14 anos ou mais de idade, ocupadas na semana de referência"
1,Brasil,1694,Nenhuma,A,1,Brasil,202312,out-nov-dez 2023,12469,"Situação da Variação em relação a três trimestres móveis anteriores - Taxa de informalidade das pessoas de 14 anos ou mais de idade, ocupadas na semana de referência"
1,Brasil,1722,Ponto percentual,0.3,1,Brasil,202312,out-nov-dez 2023,12470,"Variação em relação ao mesmo trimestre móvel do ano anterior - Taxa de informalidade das pessoas de 14 anos ou mais de idade, ocupadas na semana de referência"
1,Brasil,1694,Nenhuma,A,1,Brasil,202312,out-nov-dez 2023,12471,"Situação da Variação em relação ao mesmo trimestre móvel do ano anterior - Taxa de informalidade das pessoas de 14 anos ou mais de idade, ocupadas na semana de referência"
1,Brasil,2,%,39.0,1,Brasil,202401,nov-dez-jan 2024,12466,Taxa de informalidade das pessoas de 14 anos ou mais de idade ocupadas na semana de referência
1,Brasil,2,%,0.5,1,Brasil,202401,nov-dez-jan 2024,12467,Coeficiente de variação - Taxa de informalidade das pessoas de 14 anos ou mais de idade ocupadas na semana de referência
1,Brasil,1722,Ponto percentual,-0.1,1,Brasil,202401,nov-dez-jan 2024,12468,"Variação em relação a três trimestres móveis anteriores - Taxa de informalidade das pessoas de 14 anos ou mais de idade, ocupadas na semana de referência"
1,Brasil,1694,Nenhuma,A,1,Brasil,202401,nov-dez-jan 2024,12469,"Situação da Variação em relação a três trimestres móveis anteriores - Taxa de informalidade das pessoas de 14 anos ou mais de idade, ocupadas na semana de referência"
1,Brasil,1722,Ponto percentual,0.0,1,Brasil,202401,nov-dez-jan 2024,12470,"Variação em relação ao mesmo trimestre móvel do ano anterior - Taxa de informalidade das pessoas de 14 anos ou mais de idade, ocupadas na semana de referência"
1,Brasil,1694,Nenhuma,A,1,Brasil,202401,nov-dez-jan 2024,12471,"Situação da Variação em relação ao mesmo trimestre móvel do ano anterior - Taxa de informalidade das pessoas de 14 anos ou mais de idade, ocupadas na semana de referência"
1,Brasil,2,%,38.8,1,Brasil,202402,dez-jan-fev 2024,12466,Taxa de informalidade das pessoas de 14 anos ou mais de idade ocupadas na semana de referência
1,Brasil,2,%,0.4,1,Brasil,202402,dez-jan-fev 2024,12467,Coeficiente de variação - Taxa de informalidade das pessoas de 14 anos ou mais de idade ocupadas na semana de referência
1,Brasil,1722,Ponto percentual,-0.5,1,Brasil,202402,dez-jan-fev 2024,12468,"Variação em relação a três trimestres móveis anteriores - Taxa de informalidade das pessoas de 14 anos ou mais de idade, ocupadas na semana de referência"
1,Brasil,1694,Nenhuma,Z,1,Brasil,202402,dez-jan-fev 2024,12469,"Situação da Variação em relação a três trimestres móveis anteriores - Taxa de informalidade das pessoas de 14 anos ou mais de idade, ocupadas na semana de referência"
1,Brasil,1722,Ponto percentual,-0.2,1,Brasil,202402,dez-jan-fev 2024,12470,"Variação em relação ao mesmo trimestre móvel do ano anterior - Taxa de informalidade das pessoas de 14 anos ou mais de idade, ocupadas na semana de referência"
1,Brasil,1694,Nenhuma,A,1,Brasil,202402,dez-jan-fev 2024,12471,"Situação da Variação em relação ao mesmo trimestre móvel do ano anterior - Taxa de informalidade das pessoas de 14 anos ou mais de idade, ocupadas na semana de referência"
1,Brasil,2,%,38.9,1,Brasil,202403,jan-fev-mar 2024,12466,Taxa de informalidade das pessoas de 14 anos ou mais de idade ocupadas na semana de referência
1,Brasil,2,%,0.5,1,Brasil,202403,jan-fev-mar 2024,12467,Coeficiente de variação - Taxa de informalidade das pessoas de 14 anos ou mais de idade ocupadas na semana de referência
1,Brasil,1722,Ponto percentual,-0.3,1,Brasil,202403,jan-fev-mar 2024,12468,"Variação em relação a três trimestres móveis anteriores - Taxa de informalidade das pessoas de 14 anos ou mais de idade, ocupadas na semana de referência"
1,Brasil,1694,Nenhuma,A,1,Brasil,202403,jan-fev-mar 2024,12469,"Situação da Variação em relação a três trimestres móveis anteriores - Taxa de informalidade das pessoas de 14 anos ou mais de idade, ocupadas na semana de referência"
1,Brasil,1722,Ponto percentual,-0.1,1,Brasil,202403,jan-fev-mar 2024,12470,"Variação em relação ao mesmo trimestre móvel do ano anterior - Taxa de informalidade das pessoas de 14 anos ou mais de idade, ocupadas na semana de referência"
1,Brasil,1694,Nenhuma,A,1,Brasil,202403,jan-fev-mar 2024,12471,"Situação da Variação em relação ao mesmo trimestre móvel do ano anterior - Taxa de informalidade das pessoas de 14 anos ou mais de idade, ocupadas na semana de referência"
1,Brasil,2,%,38.8,1,Brasil,202404,fev-mar-abr 2024,12466,Taxa de informalidade das pessoas de 14 anos ou mais de idade ocupadas na semana de referência
1,Brasil,2,%,0.5,1,Brasil,202404,fev-mar-abr 2024,12467,Coeficiente de variação - Taxa de informalidade das pessoas de 14 anos ou mais de idade ocupadas na semana de referência
1,Brasil,1722,Ponto percentual,-0.3,1,Brasil,202404,fev-mar-abr 2024,12468,"Variação em relação a três trimestres móveis anteriores - Taxa de informalidade das pessoas de 14 anos ou mais de idade, ocupadas na semana de referência"
1,Brasil,1694,Nenhuma,A,1,Brasil,202404,fev-mar-abr 2024,12469,"Situação da Variação em relação a três trimestres móveis anteriores - Taxa de informalidade das pessoas de 14 anos ou mais de idade, ocupadas na semana de referência"
1,Brasil,1722,Ponto percentual,-0.1,1,Brasil,202404,fev-mar-abr 2024,12470,"Variação em relação ao mesmo trimestre móvel do ano anterior - Taxa de informalidade das pessoas de 14 anos ou mais de idade, ocupadas na semana de referência"
1,Brasil,1694,Nenhuma,A,1,Brasil,202404,fev-mar-abr 2024,12471,"Situação da Variação em relação ao mesmo trimestre móvel do ano anterior - Taxa de informalidade das pessoas de 14 anos ou mais de idade, ocupadas na semana de referência"
